"YY","WK","SALE_SUM_CNT","SALE_SUM_QTY","SALE_SUM_AMT","SALE_SUM_AVG","INCOME_CSI","CONSUME_CSI","P_CONSUME_CSI","CONSUME_INDEX","IT_EMP","FIN_EMP","HARDWARE_PRC","G_MOUSE","G_CPU","G_LABTOP","G_TABLET","REBT_AMT","DT"
"2018",46,20674,111514,12301030361.00,110309.291757,98.066666,109.6,95.53333400000001,97.62,864.6866660000002,847.54,148.38400000000001,34.56666666666667,25.56666666666667,59.733333333333334,9.0,1418433893.94,2018-11-12 00:00:00
"2019",39,16222,222032,17953854448.00,80861.562513,96.51612999999999,105.83870999999999,93.67742,96.258066,847.148388,807.341936,159.784,36.8,25.0,66.0,11.4,1431060377.81,2019-09-24 00:00:00
"2017",5,16246,103858,11865670189.00,114248.976381,97.957144,103.99375,90.0,92.357054,779.522948,798.19902,129.87,32.883475971033555,24.09183673469389,60.85286372613562,12.024687294272542,419003914.03,2017-01-29 00:00:00
"2019",16,14662,130367,11941500270.00,91599.103070,98.59375,110.0,95.0,100.928128,861.5218779999999,792.728128,162.954,32.0,25.0,59.46666666666666,11.0,1553525693.30,2019-04-16 00:00:00
"2018",23,11692,66263,8484336099.00,128040.325656,101.0,107.793104,95.0,107.662068,833.9206899999999,840.12069,185.0725,32.33333333333333,23.0,53.0,9.833333333333332,790296814.30,2018-06-04 00:00:00
"2015",17,12267,169150,7949599507.00,46997.336724,100.466666,106.0,92.0,102.953334,770.546666,793.493334,145.686,25.700000000000006,17.9,36.199999999999996,10.6,676263631.75,2015-04-23 00:00:00
"2015",48,15242,155655,10689513693.00,68674.399749,101.83871,109.67742000000001,95.67742,105.470968,785.929034,801.46129,142.404,26.2,19.8,45.60000000000001,10.8,765053000.81,2015-11-26 00:00:00
"2016",35,11775,90973,7469888774.00,82111.052444,100.0,106.0,93.78788,101.209092,801.748486,810.05758,140.22,27.0,19.0,45.0,8.741935483870968,376698704.69,2016-08-26 00:00:00
"2017",28,13698,79144,10274480196.00,129820.077276,103.0,108.612904,96.38709800000001,111.23871,780.1193559999999,783.7096779999999,157.238,28.0,21.290322580645157,50.41935483870967,9.0,510838183.80,2017-07-09 00:00:00
"2016",12,13771,86368,7062842488.00,81776.149592,98.51612999999999,105.0,92.51612999999999,98.38709600000001,754.445162,785.209678,133.834,26.483870967741947,19.58064516129033,44.67741935483872,10.0,512515061.24,2016-03-18 00:00:00
"2018",40,15362,149322,13615353453.00,91181.161871,100.69697,111.0,96.0,99.978788,855.718184,852.0878799999998,171.28750000000002,31.286021505376358,25.073886328725028,53.3694316436252,8.07388632872504,1217101088.33,2018-10-01 00:00:00
"2019",33,11546,95289,7125598853.00,74778.818677,95.066666,106.06666599999998,92.0,94.26666599999999,853.213334,796.92,146.92249999999999,37.67741935483872,23.838709677419356,69.93548387096772,11.838709677419358,823571560.42,2019-08-13 00:00:00
"2015",25,13531,66139,5602653983.00,84710.291703,99.21875,105.8125,92.8125,100.665628,778.48125,800.7625,131.344,26.6,18.533333333333328,38.533333333333324,10.466666666666672,811653050.81,2015-06-18 00:00:00
"2016",41,11408,60025,4865989836.00,81066.053077,100.16129000000001,107.0,94.16129000000001,101.348388,789.796774,813.396774,131.51250000000002,29.0,19.258064516129043,49.25806451612904,10.258064516129028,450581860.47,2016-10-07 00:00:00
"2017",22,15516,172285,14407062855.00,83623.431262,101.965454,106.06000000000002,95.945454,107.835092,783.6838180000001,777.832182,146.04000000000002,26.120737327188944,20.9221198156682,44.964976958525334,8.060368663594472,661479942.50,2017-05-28 00:00:00
"2020",3,19949,244037,17593240612.00,72092.513069,99.45161399999999,109.48387199999999,95.0,102.29032199999999,851.0225800000001,790.71613,180.80599999999998,41.354838709677416,30.451612903225815,83.25806451612902,13.0,1454675793.97,2020-01-15 00:00:00
"2020",11,20373,185443,14952358356.00,80630.481366,93.25,101.125,90.0,89.962502,847.8875020000002,781.037502,152.51000000000002,46.3225806451613,33.3225806451613,100.0,14.967741935483872,1414001224.58,2020-03-11 00:00:00
"2016",52,13040,96886,9865316008.00,101823.958136,98.0,103.9,90.3,93.71000000000001,802.68,809.82,123.31000000000002,29.580645161290327,23.290322580645153,55.451612903225794,14.0,611719029.32,2016-12-23 00:00:00
"2019",47,18653,187886,17065640130.00,90829.759162,98.37931200000001,108.68965599999999,95.0,100.255172,856.9172419999999,805.379312,163.43400000000003,38.0,26.0,70.0,11.36666666666667,1416638880.79,2019-11-19 00:00:00
"2017",13,16086,183771,15399033492.00,83794.687366,97.935484,104.0,91.87096799999999,95.838712,792.696774,790.72258,137.99200000000002,30.096774193548384,23.387096774193555,48.064516129032256,10.096774193548384,433244300.18,2017-03-26 00:00:00
"2015",34,13190,117319,6051979809.00,51585.675031,100.0,105.612904,92.225806,100.59677400000001,783.8258060000001,794.89355,123.566,24.580645161290313,19.0,41.0,11.0,515765002.41,2015-08-20 00:00:00
"2018",29,13479,115892,9733437491.00,83987.138810,99.8125,105.8125,93.8125,102.809378,834.3875,850.5875,181.69199999999998,34.548387096774185,24.645161290322587,58.0,9.0,820628972.03,2018-07-16 00:00:00
"2015",31,15521,190564,17057773837.00,89512.047590,99.87096799999999,105.0,91.064516,99.664516,786.1354840000001,793.519356,130.73999999999998,24.387096774193555,19.0,40.80645161290322,10.903225806451616,617568433.53,2015-07-30 00:00:00
"2019",4,18530,164597,15102145138.00,91752.250271,98.258066,109.0,94.741936,97.345162,882.4,816.71613,144.882,37.5483870967742,26.580645161290327,75.54838709677419,11.0,1547567696.85,2019-01-22 00:00:00
"2017",19,12479,68512,6840291810.00,99840.784242,100.09091000000001,106.0,94.09091000000001,103.31818200000001,784.3636359999999,778.336364,142.6,27.419354838709673,19.58064516129033,43.58064516129033,8.709677419354838,679704226.25,2017-05-07 00:00:00
"2018",9,18228,147514,15647639393.00,106075.622605,103.042858,108.02142800000001,96.98,108.438714,801.787572,838.522428,164.30749999999998,37.18597761685319,26.009545753785382,66.00098749177091,11.958525345622116,617889137.63,2018-02-26 00:00:00
"2019",30,14459,178784,10652502164.00,59583.084414,96.212122,107.212122,92.424244,96.260608,860.654546,796.436364,155.87399999999997,34.70967741935484,24.032258064516128,65.70967741935485,10.741935483870973,1367002998.62,2019-07-23 00:00:00
"2020",17,20825,160923,12898897251.00,80155.709569,84.06666600000001,88.6,82.06666600000001,72.826666,850.3800000000001,779.8866659999999,156.272,47.0,33.300000000000004,90.19999999999997,14.2,1946686851.41,2020-04-22 00:00:00
"2020",23,19224,139270,14578607920.00,104678.738565,87.15625,91.3125,83.15625,78.25625,862.84375,779.9125,177.17000000000002,44.79493087557604,31.790322580645157,78.88940092165899,11.9331797235023,1953210336.21,2020-06-03 00:00:00
"2018",52,15106,144622,14850559629.00,102685.342679,98.67742,108.83870999999999,94.16129,96.70644999999999,877.9064500000001,831.4419359999999,136.5325,34.0,27.41935483870967,70.06451612903227,10.612903225806457,1359148655.20,2018-12-24 00:00:00
"2019",10,19751,157004,13774174999.00,87731.363525,98.0,109.206896,95.0,99.64138,872.162068,799.451724,149.876,33.677419354838705,26.6774193548387,69.2258064516129,11.0,1257384879.24,2019-03-05 00:00:00
"2020",37,21642,209582,14506114863.00,69214.507271,90.8,96.9,86.5,85.56000000000002,,,208.59800000000004,45.199999999999996,30.93333333333333,88.60000000000001,14.46666666666667,2353517939.99,2020-09-09 00:00:00
"2016",32,12409,81620,5721758196.00,70102.403773,100.0,106.0,93.15151600000002,100.636364,806.39394,814.1303,142.868,27.0,19.004608294930872,45.00460829493087,8.07373271889401,390784591.69,2016-08-05 00:00:00
"2016",18,12749,263367,19913132252.00,75609.822992,99.0,105.931034,92.068966,100.989656,754.486206,785.2,136.844,24.4,18.733333333333327,39.0,8.266666666666667,456766138.64,2016-04-29 00:00:00
"2017",45,15181,78362,8645908219.00,110332.919259,104.0,108.26666600000001,96.26666600000001,110.05333399999999,781.153334,805.5600000000001,159.952,33.633333333333326,25.76666666666667,51.4,10.533333333333328,603633651.39,2017-11-05 00:00:00
"2015",5,14411,276991,18566530993.00,67029.365549,100.93333399999999,106.93333399999999,93.866666,102.0,739.3133339999999,809.0733339999999,136.16400000000002,26.741935483870957,18.129032258064516,48.48387096774193,13.870967741935486,369697147.33,2015-01-29 00:00:00
"2015",11,15594,90524,6764934731.00,74730.841887,100.875,107.875,92.0,102.087502,757.55,792.6375019999999,146.434,25.6774193548387,20.6774193548387,45.77419354838709,12.0,911710078.30,2015-03-12 00:00:00
"2019",24,14185,120450,11826540646.00,98186.306733,97.0,108.57142800000001,94.0,97.771428,860.542858,794.571428,162.984,32.266666666666666,24.46666666666667,62.0,10.63333333333333,1298594580.99,2019-06-11 00:00:00
"2018",3,16160,128788,11892763336.00,92343.722520,104.575758,109.0,97.0,110.59697000000001,787.7697,814.27273,171.188,39.58064516129033,32.806451612903224,66.09677419354838,11.032258064516128,641547367.30,2018-01-15 00:00:00
"2017",39,12308,147479,16322499388.00,110676.770170,103.0,107.137932,96.0,107.765518,782.72069,800.7103460000001,153.272,29.4,21.266666666666673,49.13333333333333,10.0,514193232.49,2017-09-24 00:00:00
"2020",31,17788,225829,26045865760.00,115334.459967,89.87096799999999,94.87096799999999,85.87096799999999,84.04516,851.72258,767.406452,196.21999999999997,45.61290322580645,31.709677419354826,86.03225806451613,15.516129032258073,1969873988.39,2020-07-29 00:00:00
"2019",13,16725,181935,17796386602.00,97817.278709,98.0,109.931034,95.0,99.78620599999999,866.0793120000001,792.2827599999999,149.072,32.322580645161295,25.3225806451613,61.77419354838711,11.0,1257384879.24,2019-03-26 00:00:00
"2018",43,13117,105535,12142155977.00,115053.356488,99.424244,111.0,96.0,99.469698,861.2545459999999,853.29697,154.272,33.96774193548388,25.74193548387097,56.70967741935484,8.741935483870968,1141958590.99,2018-10-22 00:00:00
"2019",36,17640,137091,11977499228.00,87368.968261,94.48387199999999,105.16129000000001,92.322582,93.141936,847.3516140000002,799.9580659999999,155.25,39.6,25.0,73.0,12.799999999999999,1431060377.81,2019-09-03 00:00:00
"2016",9,14340,194218,11576156492.00,59603.932138,98.322582,105.32258199999998,92.322582,97.57096800000001,758.7451619999999,790.922582,130.344,26.0,22.0,51.03448275862066,10.206896551724144,564564333.83,2016-02-26 00:00:00
"2016",15,12983,71831,5715671401.00,79571.096058,99.0,105.206896,92.793104,99.831034,754.3413800000001,783.1,136.44400000000002,26.5,17.333333333333332,39.0,9.666666666666668,456766138.64,2016-04-08 00:00:00
"2018",20,13428,76906,10465266768.00,136078.677450,101.483872,107.51613,95.0,107.764516,825.27742,838.5225800000001,173.026,31.483870967741947,23.0,52.51612903225806,9.483870967741936,580138952.82,2018-05-14 00:00:00
"2015",45,14451,69651,4922097883.00,70668.014572,101.16129000000001,108.32258199999998,94.322582,104.929034,782.270968,797.93871,140.198,23.400000000000002,19.099999999999998,40.699999999999996,10.1,765053000.81,2015-11-05 00:00:00
"2016",38,1316,15448,1351578868.00,87492.158726,100.0,106.46666599999999,94.0,101.35333399999999,795.3,810.846666,127.42,27.86666666666667,19.0,46.733333333333334,9.433333333333334,529928268.94,2016-09-16 00:00:00
"2017",25,12884,114326,9718419988.00,85006.210205,102.7,108.1,96.0,110.21,785.77,781.69,158.414,27.333333333333325,21.666666666666675,47.66666666666667,8.666666666666668,637180897.50,2017-06-18 00:00:00
"2017",2,13149,98471,9891576786.00,100451.673954,98.0,103.375,90.0,92.86250199999999,790.237502,802.987502,127.056,31.645161290322587,24.0,59.64516129032258,13.354838709677413,433225889.39,2017-01-08 00:00:00
"2020",14,26022,212301,20603458422.00,97048.334308,86.9025,92.84124999999999,84.89000000000001,78.211626,846.4448759999999,772.1463759999999,134.728,46.97235023041474,33.943778801843315,99.60000000000001,16.802764976958514,1718393011.34,2020-04-01 00:00:00
"2015",37,12328,87483,7019518457.00,80238.657304,100.0,106.3,93.0,101.46000000000001,781.9599999999999,798.36,132.01999999999998,25.0,19.0,41.0,10.733333333333329,653816261.21,2015-09-10 00:00:00
"2015",28,13472,63526,4346916541.00,68427.361096,98.51613,105.0,91.741936,98.24193600000001,783.358066,795.822582,130.344,27.096774193548384,19.0,39.451612903225815,10.225806451612899,634535672.05,2015-07-09 00:00:00
"2018",26,14679,146238,14372147624.00,98279.158795,101.0,107.068966,95.0,105.779312,829.793104,848.5931039999999,176.12999999999997,33.733333333333334,23.0,57.2,9.133333333333335,790296814.30,2018-06-25 00:00:00
"2018",32,15572,92547,9384902664.00,101406.881519,98.741936,105.25806599999999,93.258066,100.40968,845.1290300000001,849.30968,178.388,34.548387096774185,26.0,58.0,9.0,809322571.68,2018-08-06 00:00:00
"2017",16,13463,142042,9720975077.00,68437.328937,98.678572,105.357142,92.678572,99.18928600000001,787.821428,782.717858,140.696,28.8,20.599999999999998,44.6,9.4,450836277.92,2017-04-16 00:00:00
"2016",49,15802,172114,15233734706.00,88509.561720,98.06,105.96,91.06,95.0,816.1519999999999,819.492,117.92,27.1505376344086,21.980030721966216,49.23348694316437,13.904761904761902,527841193.16,2016-12-02 00:00:00
"2015",8,1767,9888,1261262160.00,127554.830097,101.678572,108.357142,92.642858,102.575,749.525,797.475,136.905,26.392857142857142,19.821428571428577,49.0,12.785714285714286,386186478.44,2015-02-19 00:00:00
"2016",1,16000,137746,12956048693.00,94057.531202,100.96552,107.0,93.03448,102.1069,777.98276,800.0,,25.01612903225805,19.0483870967742,46.145161290322605,11.98387096774195,105055399.18,2016-01-01 00:00:00
"2016",1,16000,137746,12956048693.00,94057.531202,100.96552,107.0,93.03448,102.1069,777.98276,800.0,,25.01612903225805,19.0483870967742,46.145161290322605,11.98387096774195,19388347.25,2016-01-01 00:00:00
"2019",27,16864,165114,11383817092.00,68945.195997,96.84848600000001,107.84848600000001,93.69697,97.34242400000001,867.718184,798.345456,160.704,31.35514592933947,26.704454685099844,62.345622119815665,10.073886328725028,1357230367.53,2019-07-02 00:00:00
"2020",20,18268,180422,15040818471.00,83364.658805,84.793102,88.793102,81.896552,73.84827600000001,857.1,781.8689699999999,164.518,46.225806451612904,32.61290322580645,83.2903225806452,12.612903225806459,1896222776.91,2020-05-13 00:00:00
"2017",42,15936,106069,10152413829.00,95715.183786,103.59375,107.59375,96.0,108.55,781.9,803.375,151.21800000000002,30.645161290322587,23.74193548387097,49.54838709677419,10.548387096774201,505498563.85,2017-10-15 00:00:00
"2018",12,15200,98823,10437747306.00,105620.627849,103.0,108.0,96.3,108.33,807.64,831.8100000000001,165.38,33.77419354838709,24.06451612903226,58.90322580645162,10.064516129032251,630243976.11,2018-03-19 00:00:00
"2019",50,18883,208097,15020122548.00,72178.467483,98.625,109.0,95.0,100.812502,854.825,804.95,166.902,38.645161290322584,27.290322580645157,73.54838709677418,11.645161290322587,2156259108.08,2019-12-10 00:00:00
"2019",7,21606,175401,16820423887.00,95896.966875,98.0,109.0,95.0,98.47500000000001,878.8821439999999,807.232144,155.208,36.857142857142854,26.428571428571427,74.42857142857143,11.0,1435579473.51,2019-02-12 00:00:00
"2015",2,16786,107529,6922812899.00,64380.891657,100.233334,106.23333399999999,92.466666,100.95,726.853334,816.143334,130.672,25.38709677419356,18.80645161290323,45.774193548387096,13.19354838709677,369697147.33,2015-01-08 00:00:00
"2015",14,17439,325608,17621398837.00,54118.445606,99.09875,106.01875,92.0,101.023876,764.1055,793.210376,149.092,25.056221198156685,19.94193548387097,39.16221198156683,11.942857142857141,777169251.70,2015-04-02 00:00:00
"2017",36,13689,104456,9626430248.00,92157.753006,103.0,108.58620799999998,96.0,109.50345,791.337932,797.668966,159.738,31.5,22.666666666666675,49.83333333333333,10.0,514193232.49,2017-09-03 00:00:00
"2017",48,18255,185080,18107103794.00,97833.930159,104.0,108.96,96.96,112.26234400000001,779.260276,807.07738,169.962,38.49078341013824,25.13594470046083,55.603686635944705,9.147465437788018,577273412.59,2017-11-26 00:00:00
"2015",51,17901,143674,9591899423.00,66761.553398,101.483872,108.45161399999999,94.45161399999999,103.845162,782.2064539999999,801.009678,137.658,26.032258064516125,19.516129032258053,46.51612903225806,11.48387096774193,27143686.15,2015-12-17 00:00:00
"2016",29,11918,58271,5465388622.00,93792.600470,98.896552,105.44827599999999,92.44827599999999,99.231034,796.3,807.32069,136.95199999999997,27.0,19.612903225806445,45.61290322580645,8.61290322580645,475299913.69,2016-07-15 00:00:00
"2020",40,5,13,13303000.00,1023307.692307,88.13333333333333,92.23333333333333,83.16666666666667,79.69333333333334,,,199.08999999999997,43.199999999999996,28.26666666666666,82.6,13.133333333333336,1344867394.28,2020-09-30 00:00:00
"2018",49,16992,128084,10582265366.00,82619.728974,97.322582,108.16129000000001,94.83870999999999,95.89355,868.69355,838.758066,148.494,34.0,25.387096774193555,63.29032258064516,9.258064516129034,1359148655.20,2018-12-03 00:00:00
"2016",21,10749,56527,5619256077.00,99408.354892,98.40625,105.40625,91.40625,99.61562799999999,763.40625,790.8625000000001,129.914,25.645161290322587,20.096774193548384,40.09677419354839,8.548387096774192,554511750.31,2016-05-20 00:00:00
"2018",6,16413,112108,11660996946.00,104015.743265,104.5,108.75,97.0,109.825,792.225,819.575,161.67000000000002,40.92857142857144,26.78571428571428,68.35714285714286,12.0,608623008.77,2018-02-05 00:00:00
"2020",34,15661,146666,11163470928.00,76114.920486,91.225806,97.45161399999999,87.225806,86.651614,845.867742,768.9451640000001,187.8375,46.0,32.0,89.32258064516127,15.419354838709669,1582284244.73,2020-08-19 00:00:00
"2020",32,14188,136010,9005228825.00,66210.049444,90.322582,95.645162,86.322582,84.84516199999999,849.796774,767.364516,201.044,46.0,32.0,87.51612903225806,15.870967741935488,1582284244.73,2020-08-05 00:00:00
"2018",21,11791,71040,6423125427.00,90415.616934,101.258066,107.74193600000001,95.0,107.967742,829.86129,838.13871,175.8425,31.70967741935483,23.0,52.290322580645174,9.709677419354842,580138952.82,2018-05-21 00:00:00
"2015",23,15129,97297,6972537820.00,71662.413229,100.53125,106.6875,93.6875,103.85937800000002,774.36875,805.1375,133.366,25.218894009216587,18.066820276497698,38.05760368663594,10.923963133640557,765254051.08,2015-06-04 00:00:00
"2016",10,16337,174798,14689427838.00,84036.589880,98.064516,105.0,92.064516,97.348386,754.5806460000001,787.738712,130.76,26.04608294930876,21.76958525345623,49.56697918321944,10.014778325123157,527386281.98,2016-03-04 00:00:00
"2016",16,10542,57076,4971079134.00,87095.786915,99.0,105.44827599999999,92.55172400000001,100.217242,754.3896560000001,783.8000000000001,136.67499999999998,25.8,17.8,39.0,9.200000000000001,456766138.64,2016-04-15 00:00:00
"2016",33,11246,74318,6009316059.00,80859.496474,100.0,106.0,93.363636,100.827274,804.845456,812.77273,142.40800000000002,27.0,19.0,45.0,8.290322580645162,376698704.69,2016-08-12 00:00:00
"2018",44,17514,194697,15502243188.00,79622.403981,98.996364,110.93999999999998,95.98,99.242546,863.0098180000001,853.4014540000001,148.04000000000002,34.80138248847926,25.939631336405533,57.826728110599085,8.953917050691242,1260448006.54,2018-10-29 00:00:00
"2015",46,14741,68072,5624610887.00,82627.378173,101.38709800000001,108.77419400000001,94.77419400000001,105.109678,783.490324,799.1129040000001,136.742,24.333333333333325,19.333333333333332,42.33333333333332,10.333333333333329,765053000.81,2015-11-12 00:00:00
"2017",51,15918,122036,13974552213.00,114511.719599,104.0,109.0,97.0,111.434482,783.92759,813.23793,166.57599999999996,37.774193548387096,33.5806451612903,60.29032258064519,9.61290322580645,511372815.59,2017-12-17 00:00:00
"2019",45,19425,153664,14252174344.00,92748.947990,97.413792,108.206896,95.0,99.09655,858.655172,801.6137919999999,166.07199999999997,38.0,26.0,70.0,11.833333333333329,1416638880.79,2019-11-05 00:00:00
"2017",11,14816,98394,8620339681.00,87610.420157,97.48387199999999,104.0,90.967742,94.709678,782.1741939999999,787.3806500000001,135.51600000000002,30.548387096774185,25.193548387096772,53.03225806451614,10.548387096774201,430312303.89,2017-03-12 00:00:00
"2015",40,11464,116937,7004575311.00,59900.419123,100.02,107.0,93.02,102.326,781.416,803.796,138.09,24.97235023041474,19.0,40.98617511520737,10.047619047619042,678993256.76,2015-10-01 00:00:00
"2020",15,22589,196474,14642209319.00,74524.920951,85.933334,91.39999999999999,83.933334,76.373334,847.72,774.6133339999999,148.57399999999998,47.0,33.766666666666666,96.73333333333332,16.06666666666667,1946686851.41,2020-04-08 00:00:00
"2015",29,13722,72665,5276510127.00,72614.190146,98.967742,105.0,91.51613,98.71612999999999,784.2838720000001,795.054838,136.048,26.193548387096772,19.0,39.90322580645161,10.451612903225799,634535672.05,2015-07-16 00:00:00
"2016",4,13112,101438,9723726409.00,95858.814339,100.310346,107.0,93.689656,100.33793,779.5551720000001,803.8,128.43,25.61290322580644,20.838709677419356,51.51612903225807,11.387096774193543,367693897.13,2016-01-22 00:00:00
"2016",47,12976,87048,7502647498.00,86189.774584,99.4,106.466666,92.86666600000001,98.026666,804.5933340000001,817.1,122.24600000000001,28.000000000000004,21.5,50.00000000000001,13.0,464932816.04,2016-11-18 00:00:00
"2016",50,13177,86052,7349316704.00,85405.530423,98.0,105.3,90.766666,94.503334,812.2933340000001,816.54,116.27799999999999,27.774193548387103,22.38709677419356,50.93548387096773,14.0,611719029.32,2016-12-09 00:00:00
"2018",27,15677,85807,9261605210.00,107935.310755,100.6875,106.6875,94.6875,104.86562799999999,830.7125,849.7125,170.824,34.096774193548384,23.29032258064517,58.0,9.0,820628972.03,2018-07-02 00:00:00
"2020",9,18680,259642,18458251464.00,71091.161922,97.285714,106.28571400000001,93.142858,97.42142799999999,848.885714,786.264286,172.35999999999999,45.58620689655174,32.72413793103448,98.06896551724138,13.86206896551723,1149503096.49,2020-02-26 00:00:00
"2019",51,18653,209455,14974456685.00,71492.476594,98.40625,109.0,95.0,100.70312799999999,854.25625,803.2875,169.31400000000002,39.09677419354839,28.193548387096772,76.03225806451614,12.096774193548384,2156259108.08,2019-12-17 00:00:00
"2017",17,12389,120016,16104530863.00,134186.532320,98.928572,105.857142,92.928572,100.364286,785.4714280000001,779.592858,139.96599999999998,28.333333333333325,19.666666666666675,43.66666666666667,9.166666666666668,450836277.92,2017-04-23 00:00:00
"2019",28,15567,170911,13098224368.00,76637.690774,96.636364,107.636364,93.272728,96.981818,865.363636,797.70909,155.686,32.4516129032258,25.838709677419356,63.4516129032258,10.290322580645157,1367002998.62,2019-07-09 00:00:00
"2017",43,14201,140429,12727997067.00,90636.528544,103.8125,107.8125,96.0,108.9,781.9,804.25,156.014,31.322580645161285,24.870967741935488,49.774193548387096,10.774193548387101,505498563.85,2017-10-22 00:00:00
"2019",2,18780,143090,11620132014.00,81208.554154,98.70967800000001,109.0,94.29032400000001,97.074192,881.0,824.6193559999999,138.82999999999998,35.29032258064516,27.48387096774193,73.29032258064515,11.0,1547567696.85,2019-01-08 00:00:00
"2018",38,11151,131883,13182584798.00,99956.664604,100.035714,109.392858,95.357142,99.74642800000001,858.1928580000001,849.067858,178.202,31.8,25.400000000000002,55.0,8.4,1667956072.37,2018-09-17 00:00:00
"2018",15,15293,104482,8742361739.00,83673.376648,102.612904,107.612904,95.61290399999999,107.91290399999998,811.9193560000001,832.7806459999999,167.598,31.666666666666668,23.0,54.33333333333332,9.0,726696740.91,2018-04-09 00:00:00
"2019",8,19978,137421,12991934895.00,94541.117405,98.0,109.0,95.0,99.0,876.557144,804.5571440000001,155.586,35.607142857142854,26.678571428571427,72.92857142857143,11.0,1435579473.51,2019-02-19 00:00:00
"2019",22,16367,160324,18133361074.00,113104.470160,97.129034,109.064516,94.064516,98.14516,854.21613,791.5354840000001,155.82,32.90322580645161,23.193548387096786,61.709677419354826,11.0,1435394389.65,2019-05-28 00:00:00
"2015",3,14327,90766,5840964106.00,64351.895048,100.46666599999999,106.46666599999999,92.933334,101.3,731.006666,813.786666,135.39000000000001,25.838709677419356,18.580645161290313,46.67741935483872,13.419354838709674,369697147.33,2015-01-15 00:00:00
"2015",52,14277,107209,7732679910.00,72127.152664,101.258066,107.774194,93.774194,103.07741999999999,780.196774,800.445162,139.11499999999998,25.580645161290327,19.29032258064517,46.290322580645174,11.709677419354845,27143686.15,2015-12-24 00:00:00
"2016",30,12662,98252,7081838282.00,72078.311708,99.37931200000001,105.68965599999999,92.689656,99.78621000000001,801.2,810.7241379999999,140.47400000000002,27.0,19.38709677419356,45.38709677419355,8.38709677419355,475299913.69,2016-07-22 00:00:00
"2020",29,18229,166614,14769114025.00,88642.695241,88.967742,93.967742,84.967742,82.96128999999999,855.3806500000001,771.6516140000001,187.788,43.806451612903224,30.354838709677413,81.51612903225808,13.258064516129028,2034472279.00,2020-07-15 00:00:00
"2020",35,18990,223103,23193961625.00,103960.778765,91.67742,98.354838,87.67742,87.554838,843.9032279999999,769.735484,192.72199999999998,46.0,32.0,90.2258064516129,15.19354838709677,1582284244.73,2020-08-26 00:00:00
"2018",1,16129,123227,11665084743.00,94663.383373,104.15151600000002,109.0,97.0,110.89394,786.539394,815.5454560000001,172.33999999999997,37.403225806451594,38.032258064516135,63.48387096774195,10.16129032258065,549897743.40,2018-01-01 00:00:00
"2018",1,16129,123227,11665084743.00,94663.383373,104.15151600000002,109.0,97.0,110.89394,786.539394,815.5454560000001,172.33999999999997,37.403225806451594,38.032258064516135,63.48387096774195,10.16129032258065,73053259.37,2018-01-01 00:00:00
"2018",7,5396,41857,4827832871.00,115341.110710,104.0,108.5,97.0,109.35,795.45,826.15,161.49,39.67857142857144,26.53571428571428,67.60714285714286,12.0,608623008.77,2018-02-12 00:00:00
"2017",37,15233,83499,9184673413.00,109997.406112,103.0,108.103448,96.0,108.92414000000001,788.465518,798.6827579999999,164.974,30.8,22.2,49.6,10.0,514193232.49,2017-09-10 00:00:00
"2015",9,19269,267606,20397619247.00,76222.578144,101.928572,108.857142,92.142858,102.75,752.85,793.45,140.83,26.142857142857142,20.571428571428577,49.0,12.285714285714286,386186478.44,2015-02-26 00:00:00
"2016",24,9667,53570,4376058978.00,81688.612619,98.0,105.0,91.26666600000001,98.493334,774.22,796.3066660000001,132.3025,27.0,20.766666666666673,42.16666666666667,9.0,704753159.18,2016-06-10 00:00:00
"2015",20,12681,119292,5940265511.00,49796.009045,101.0,106.44827599999999,92.896552,104.28275800000002,772.9551720000001,799.4724140000001,137.798,25.612903225806445,17.387096774193555,36.16129032258065,10.387096774193543,486860052.70,2015-05-14 00:00:00
"2016",13,12573,82111,8025288964.00,97737.074983,98.741936,105.0,92.741936,98.90645400000001,754.37742,783.9451619999999,135.46,26.70967741935483,18.4516129032258,42.19354838709677,10.0,512515061.24,2016-03-25 00:00:00
"2015",43,12558,78673,6316621920.00,80289.577364,100.7,107.7,93.7,104.05,781.4,799.2,142.32000000000002,23.709677419354847,19.0,40.35483870967744,10.0,712562584.16,2015-10-22 00:00:00
"2017",31,12178,80578,9604059046.00,119189.593263,103.0,108.064516,96.935484,111.21612999999999,771.25484,785.0129039999999,152.478,28.18433179723503,20.16589861751154,52.806451612903224,9.046082949308756,481142748.00,2017-07-30 00:00:00
"2018",24,11993,85205,8838538802.00,103732.630737,101.0,107.55172400000001,95.0,107.034482,832.544828,842.944828,184.14000000000001,32.800000000000004,23.0,54.4,9.599999999999998,790296814.30,2018-06-11 00:00:00
"2017",8,13038,129365,11016239257.00,85156.257542,97.21428599999999,104.0,90.0,93.242856,772.807144,787.014286,132.502,31.5,26.25,58.75,11.25,408337432.51,2017-02-19 00:00:00
"2018",47,16445,112394,10683742304.00,95056.162286,97.6,108.9,95.3,96.78,865.4799999999999,844.46,146.154,34.33333333333333,25.333333333333325,60.66666666666667,9.0,1418433893.94,2018-11-19 00:00:00
"2018",18,15133,98529,10992933554.00,111570.538156,101.935484,107.064516,95.0,107.35806599999998,816.1096799999999,839.2903220000001,172.51500000000001,31.06036866359447,23.0,52.98248847926266,9.046082949308756,622012606.56,2018-04-30 00:00:00
"2016",36,14827,154504,14127685701.00,91438.964046,100.0,106.02000000000001,93.981818,101.381638,800.1227260000001,808.9083639999999,134.41,27.02857142857143,19.0,45.057142857142864,8.968202764976956,442368517.94,2016-09-02 00:00:00
"2018",41,12549,104480,11276165456.00,107926.545329,100.272728,111.0,96.0,99.80909199999999,857.5636359999999,852.4909100000001,159.78500000000003,32.16129032258065,25.29032258064517,54.4516129032258,8.290322580645162,1141958590.99,2018-10-08 00:00:00
"2015",26,12876,159322,7965366053.00,49995.393310,98.5625,105.375,92.375,99.068752,780.5375,798.575,135.83800000000002,27.3,18.766666666666673,38.766666666666666,10.233333333333329,811653050.81,2015-06-25 00:00:00
"2016",7,8282,42742,3631282842.00,84958.187309,99.22580599999999,106.22580599999999,93.22580599999999,98.609678,770.3516139999999,798.8258060000001,122.71000000000001,26.0,22.0,53.448275862068975,10.689655172413799,564564333.83,2016-02-12 00:00:00
"2017",23,12247,67449,5860149942.00,86882.680869,102.233334,106.7,96.0,108.67,784.323334,779.03,149.205,26.4,21.200000000000006,45.800000000000004,8.2,637180897.50,2017-06-04 00:00:00
"2019",34,15101,126728,13408640668.00,105806.456884,94.6,105.6,92.0,93.45,850.6699999999998,797.4799999999999,149.106,38.58064516129033,24.290322580645153,71.51612903225809,12.290322580645157,823571560.42,2019-08-20 00:00:00
"2016",44,11663,116110,10836235906.00,93327.326724,100.83871,107.0,94.83871,101.551614,790.2032280000001,813.803228,124.71,29.0,20.61290322580644,50.61290322580645,11.612903225806457,450581860.47,2016-10-28 00:00:00
"2019",42,16006,143351,10871023666.00,75835.004052,97.0,107.032258,94.51612999999999,97.82580600000001,853.448388,804.403226,163.202,36.96774193548388,25.483870967741947,66.90322580645162,11.48387096774193,1772727044.76,2019-10-15 00:00:00
"2019",48,18068,178337,18800925026.00,105423.580221,98.86206800000001,108.931034,95.0,100.83448200000001,856.0482760000001,807.262068,162.774,38.0,26.0,70.0,11.13333333333333,1416638880.79,2019-11-26 00:00:00
"2020",6,22254,310949,22738137560.00,73124.974063,100.285714,109.28571400000001,94.642858,102.89642800000001,848.735714,781.689286,175.82,43.41379310344826,31.27586206896553,87.93103448275862,13.137931034482772,1149503096.49,2020-02-05 00:00:00
"2020",12,18981,222338,17258660213.00,77623.529099,91.0625,98.28125,88.25,85.915628,847.2968779999999,777.734378,121.56000000000002,46.54838709677419,33.548387096774185,100.0,15.645161290322587,1414001224.58,2020-03-18 00:00:00
"2017",14,14189,102949,7709611876.00,74887.681045,98.178572,104.357142,92.178572,96.839286,792.5214279999999,788.967858,140.156,29.733333333333327,22.46666666666667,46.466666666666676,9.866666666666665,450836277.92,2017-04-02 00:00:00
"2015",32,10888,54517,4094326327.00,75101.827448,100.0,105.16129000000001,91.322582,100.009678,785.722582,793.719356,132.98399999999998,24.129032258064512,19.0,41.0,11.0,515765002.41,2015-08-06 00:00:00
"2017",20,14147,94137,9099281771.00,96659.993105,100.727272,106.0,94.727272,104.84545600000001,784.1090919999999,778.1242439999999,141.526,26.967741935483872,20.032258064516128,44.032258064516135,8.483870967741936,679704226.25,2017-05-14 00:00:00
"2018",35,16174,139633,16710178619.00,119672.130649,98.064516,105.935484,93.935484,99.12258,864.36774,843.82258,182.74200000000002,33.19354838709678,26.0,58.0,9.0,931984500.35,2018-08-27 00:00:00
"2019",25,13473,124451,8558605761.00,68770.887827,97.0,108.32142800000001,94.0,97.696428,864.417858,796.421428,162.64600000000002,31.8,25.400000000000002,62.0,10.4,1298594580.99,2019-06-18 00:00:00
"2020",18,14340,158069,21600712555.00,136653.692722,83.187586,87.267586,81.173794,71.15089600000002,851.7520000000001,782.432138,157.71333333333334,46.99078341013824,33.0668202764977,86.96774193548387,13.281105990783415,1932268544.41,2020-04-29 00:00:00
"2019",5,17563,143754,17174710874.00,119472.925094,98.03871000000001,109.0,94.96128999999999,97.49177599999999,883.0135720000001,812.8009920000001,149.53,38.62886767610272,26.1433508887426,76.62376563528639,11.0,1515571061.61,2019-01-29 00:00:00
"2019",31,13107,154344,16300854747.00,105613.789632,95.978182,106.97818200000002,92.036364,95.86091,858.2838180000001,795.902546,149.27,35.824884792626726,23.21198156682029,66.86635944700461,10.9815668202765,1134103810.82,2019-07-30 00:00:00
"2020",26,16190,171604,17879990335.00,104193.319124,87.8125,92.625,83.8125,81.0125,860.0875,777.025,177.15800000000002,42.699999999999996,29.7,77.46666666666668,11.233333333333329,1962708262.76,2020-06-24 00:00:00
"2020",38,17921,208728,14266648260.00,68350.428596,89.86666600000001,95.266666,85.33333400000001,83.506666,,,209.984,44.5,29.999999999999996,86.5,14.0,2353517939.99,2020-09-16 00:00:00
"2015",49,23195,162267,11893770222.00,73297.529516,101.935484,109.806452,95.806452,105.380646,786.2258059999999,802.138712,141.244,26.85069124423963,19.93963133640553,46.85391705069124,11.031797235023044,237974918.91,2015-12-03 00:00:00
"2017",34,13637,111138,9385992194.00,84453.492000,103.0,108.74193600000001,96.258066,110.335484,787.5806479999999,793.5483879999999,157.44599999999997,30.83870967741936,22.129032258064512,50.87096774193549,9.709677419354842,469264573.68,2017-08-20 00:00:00
"2019",11,18529,128769,12462136698.00,96779.012790,98.0,109.44827599999999,95.0,99.68965599999999,870.134482,797.06207,149.322,33.225806451612904,26.2258064516129,66.74193548387098,11.0,1257384879.24,2019-03-12 00:00:00
"2015",6,18392,94949,5534518855.00,58289.385406,101.178572,107.357142,93.642858,102.225,742.875,805.525,136.86200000000002,26.892857142857142,18.321428571428577,49.0,13.785714285714286,386186478.44,2015-02-05 00:00:00
"2015",12,13961,82583,6646495825.00,80482.615368,100.21875,107.21875,92.0,101.671878,759.7375,792.8343779999999,149.124,25.451612903225815,20.451612903225815,43.51612903225807,12.0,911710078.30,2015-03-19 00:00:00
"2016",27,14097,210022,18070503809.00,86041.004318,98.01379399999999,105.00689600000001,91.96689599999999,98.231862,786.6320000000001,800.8412420000001,127.482,27.0,20.0668202764977,45.63824884792627,8.995391705069125,639195089.04,2016-07-01 00:00:00
"2017",40,1518,9511,960754181.00,101015.054252,103.15625,107.15625,96.0,107.85,781.9,801.625,,29.29032258064517,21.483870967741925,49.0967741935484,10.096774193548384,505498563.85,2017-10-01 00:00:00
"2018",4,13927,115334,12088454841.00,104812.586409,104.78788,109.0,97.0,110.448486,788.38485,813.6363640000001,170.16000000000003,40.70967741935484,30.096774193548374,67.45161290322581,11.483870967741945,641547367.30,2018-01-22 00:00:00
"2019",19,11940,95304,7586383748.00,79601.944808,98.48387199999999,109.74193600000001,94.741936,100.71935599999999,857.535484,792.958066,157.0375,32.225806451612904,24.548387096774185,59.67741935483871,11.0,1458194357.76,2019-05-07 00:00:00
"2015",44,14095,186199,15703453994.00,84336.940552,100.93333399999999,107.93333399999999,93.93333399999999,104.63333399999999,781.4,797.5666659999999,141.93400000000003,23.258064516129043,19.0,40.12903225806451,10.0,712562584.16,2015-10-29 00:00:00
"2019",14,19529,135392,12388108757.00,91498.085241,98.15625,110.0,95.0,100.09687799999999,864.4531279999999,791.8968779999999,156.19400000000002,32.00921658986176,25.009216589861758,59.97926267281105,11.0,1511219862.72,2019-04-02 00:00:00
"2017",32,13174,86681,9767121723.00,112678.922981,103.0,108.29032400000001,96.70967800000001,110.922582,776.696774,787.858066,152.17000000000002,29.03225806451613,20.7741935483871,52.225806451612904,9.25806451612903,469264573.68,2017-08-06 00:00:00
"2019",37,5811,91254,5845088382.00,64052.955289,95.161292,105.387098,92.77419400000001,94.180646,847.283872,802.419356,155.03333333333333,38.66666666666667,25.0,70.66666666666667,12.333333333333329,1431060377.81,2019-09-10 00:00:00
"2017",3,12398,122567,8485165141.00,69228.790302,98.0,103.59375,90.0,92.665628,786.584378,801.521878,125.622,32.09677419354839,24.0,60.09677419354839,12.903225806451616,433225889.39,2017-01-15 00:00:00
"2016",39,14678,109040,9193570658.00,84313.744112,100.0,106.7,94.0,101.33,792.85,811.9200000000001,131.66400000000002,28.333333333333325,19.0,47.66666666666667,9.666666666666668,529928268.94,2016-09-23 00:00:00
"2018",19,11977,118221,8860328229.00,74947.160225,101.70967800000001,107.29032400000001,95.0,107.56129200000001,820.69355,838.9064500000001,173.685,31.258064516129032,23.0,52.741935483870975,9.25806451612903,580138952.82,2018-05-07 00:00:00
"2017",49,15944,96914,9347168547.00,96448.073002,104.0,109.0,97.0,112.110346,780.548278,808.94138,166.926,38.677419354838705,27.258064516129,57.1290322580645,9.161290322580644,511372815.59,2017-12-03 00:00:00
"2018",42,13530,106282,10373016264.00,97598.993846,99.84848600000001,111.0,96.0,99.639394,859.4090919999999,852.8939399999999,162.21800000000002,33.064516129032256,25.51612903225806,55.58064516129033,8.516129032258064,1141958590.99,2018-10-15 00:00:00
"2015",21,12826,67069,5356748998.00,79869.224201,101.0,106.68965599999999,93.37931200000001,104.596552,772.931034,802.634482,136.536,25.38709677419356,17.612903225806445,36.83870967741935,10.612903225806457,486860052.70,2015-05-21 00:00:00
"2017",26,15471,145377,16590464456.00,114120.283511,102.93333399999999,108.8,96.0,110.98000000000002,786.493334,783.02,162.348,27.8,21.900000000000002,48.6,8.9,619131938.40,2017-06-25 00:00:00
"2015",38,11485,60927,4982717097.00,81781.756807,100.0,106.533334,93.0,101.74,781.7733340000001,800.273334,134.61399999999998,25.0,19.0,41.0,10.5,653816261.21,2015-09-17 00:00:00
"2016",8,15695,94342,8883100989.00,94158.497689,98.774194,105.774194,92.774194,98.090324,764.5483879999999,794.874194,127.54800000000003,26.0,22.0,52.241379310344826,10.448275862068972,564564333.83,2016-02-19 00:00:00
"2020",1,18490,193214,18727823931.00,96927.882715,98.19354666666668,109.06451666666668,95.0,100.73871333333334,852.9096800000001,798.9354833333333,176.57999999999998,40.1451612903226,30.0483870967742,81.24193548387095,13.0,924111046.32,2020-01-01 00:00:00
"2020",1,18490,193214,18727823931.00,96927.882715,98.19354666666668,109.06451666666668,95.0,100.73871333333334,852.9096800000001,798.9354833333333,176.57999999999998,40.1451612903226,30.0483870967742,81.24193548387095,13.0,831243310.84,2020-01-01 00:00:00
"2020",13,16961,183861,17937121279.00,97558.053524,88.875,95.4375,86.5,81.868752,846.706252,774.4312520000001,124.654,46.774193548387096,33.774193548387096,100.0,16.322580645161285,1414001224.58,2020-03-25 00:00:00
"2015",27,16803,118472,10282232643.00,86790.403158,98.09617,105.0125,91.97379,97.82691600000001,782.39996,796.6308879999999,134.156,27.803686635944704,18.97142857142857,39.02672811059909,10.056221198156686,710443120.09,2015-07-02 00:00:00
"2017",9,16192,140638,14126946559.00,100449.000689,97.045852,104.0,90.07742,93.58820399999999,771.865508,784.1935940000001,130.33999999999997,31.03357472021065,26.7975641869651,57.787689269256084,11.002962475312714,420894501.87,2017-02-26 00:00:00
"2017",15,13318,87371,8337673492.00,95428.385757,98.428572,104.857142,92.428572,98.014286,790.1714279999999,785.842858,139.116,29.26666666666667,21.53333333333333,45.53333333333332,9.633333333333335,450836277.92,2017-04-09 00:00:00
"2016",45,14707,153655,16306888191.00,106126.635586,100.8,106.93333399999999,94.73333400000001,101.153334,792.0866659999999,814.3,118.52799999999999,28.9047619047619,21.019969278033784,50.87711213517664,12.067588325652844,460832543.02,2016-11-04 00:00:00
"2020",7,20985,207530,15967299384.00,76939.716590,99.285714,108.28571400000001,94.142858,101.071428,848.785714,783.214286,183.03799999999998,44.137931034482776,31.758620689655174,91.3103448275862,13.379310344827585,1149503096.49,2020-02-12 00:00:00
"2019",43,14449,176687,11546153155.00,65348.062704,97.0,107.48387199999999,94.741936,98.18709600000001,856.2258079999999,802.3483880000001,165.334,37.41935483870967,25.70967741935483,68.25806451612904,11.709677419354845,1772727044.76,2019-10-22 00:00:00
"2016",2,14223,85770,6500464912.00,75789.494135,100.793104,107.0,93.206896,101.64138,778.39655,801.0000000000001,137.2,25.16129032258064,19.483870967741943,47.451612903225794,11.838709677419358,367693897.13,2016-01-08 00:00:00
"2018",36,13615,118481,15637350374.00,131981.924308,98.535714,106.892858,94.357142,99.196428,864.092858,844.817858,184.982,32.73333333333333,25.866666666666674,57.33333333333333,8.866666666666665,1667956072.37,2018-09-03 00:00:00
"2019",26,15922,268608,21190388049.00,78889.638614,97.0,108.07142800000001,94.0,97.621428,868.292858,798.271428,161.65,31.333333333333325,26.333333333333325,62.0,10.166666666666671,1298594580.99,2019-06-25 00:00:00
"2019",49,19608,168314,13680190709.00,81277.794532,98.84375,109.0,95.0,100.92187799999999,855.39375,806.6125,162.04000000000002,38.19354838709678,26.38709677419356,71.06451612903227,11.193548387096769,2156259108.08,2019-12-03 00:00:00
"2018",13,16997,154482,17552771230.00,113623.407452,103.0,108.0,96.06666600000001,108.30666599999999,809.553334,829.313334,164.782,32.64516129032257,23.387096774193555,56.41935483870967,9.387096774193548,630243976.11,2018-03-26 00:00:00
"2019",6,10688,71875,5068212115.00,70514.255513,98.0,109.0,95.0,97.95,881.207144,809.907144,151.785,38.107142857142854,26.178571428571427,75.92857142857143,11.0,1435579473.51,2019-02-05 00:00:00
"2020",21,18249,185904,13903972340.00,74791.141341,85.75862,89.75862,82.379312,75.48965600000001,859.9,781.31379,168.56,45.774193548387096,32.38709677419356,81.7096774193548,12.387096774193543,1896222776.91,2020-05-20 00:00:00
"2017",35,16201,138046,13414257619.00,97172.374563,103.0,108.947496,96.03871000000001,110.033772,792.7850279999999,796.341226,160.012,31.709216589861743,22.78310291858677,50.20261136712752,9.930875576036865,482101333.34,2017-08-27 00:00:00
"2015",1,5579,25211,1676516927.00,66499.421958,100.05000000000001,106.05000000000001,92.1,100.67500000000001,723.5899999999999,817.995,126.43,25.064516129032267,18.96774193548387,45.12903225806449,13.032258064516133,158441634.57,2015-01-01 00:00:00
"2015",15,12343,64875,5474162097.00,84380.147930,99.533334,106.0,92.0,101.646666,766.253334,793.3066660000001,149.788,25.23333333333333,19.3,38.06666666666667,11.53333333333333,676263631.75,2015-04-09 00:00:00
"2020",27,19754,248134,32492370479.00,130946.869348,88.07117000000001,93.06492,84.07117000000001,81.86665400000001,859.012702,775.863628,176.428,42.1963133640553,29.168663594470054,77.33364055299542,11.166820276497686,2003716272.04,2020-07-01 00:00:00
"2016",22,10065,112546,7991149905.00,71003.411094,98.1875,105.1875,91.1875,99.06875199999999,766.6875,792.875,131.368,26.322580645161285,20.548387096774185,40.548387096774185,8.774193548387098,554511750.31,2016-05-27 00:00:00
"2016",28,11099,61217,5289738688.00,86409.636016,98.413792,105.206896,92.206896,98.67586,791.4,803.9172419999999,132.16,27.0,19.83870967741936,45.83870967741935,8.838709677419354,475299913.69,2016-07-08 00:00:00
"2018",50,17311,117715,13386223305.00,113717.226394,97.77419400000001,108.387098,94.61290399999999,96.16452000000001,871.76452,836.319356,140.45999999999998,34.0,26.06451612903226,65.5483870967742,9.709677419354836,1359148655.20,2018-12-10 00:00:00
"2015",7,15852,86744,6534783322.00,75334.124804,101.428572,107.857142,93.142858,102.4,746.2,801.4999999999999,136.51799999999997,26.642857142857142,19.071428571428577,49.0,13.285714285714286,386186478.44,2015-02-12 00:00:00
"2019",20,14226,124980,9577339676.00,76630.978364,98.032258,109.51613,94.51613,99.86128999999998,856.429032,792.483872,154.622,32.451612903225815,24.096774193548388,60.35483870967742,11.0,1458194357.76,2019-05-14 00:00:00
"2020",33,14345,154199,12537445981.00,81306.921452,90.77419400000001,96.54838799999999,86.77419400000001,85.748388,847.832258,768.1548399999999,204.18800000000002,46.0,32.0,88.41935483870967,15.645161290322587,1582284244.73,2020-08-12 00:00:00
"2017",6,15078,91551,8027342986.00,87681.652696,97.71428599999999,104.0,90.0,92.64285600000001,777.2571440000002,794.514286,128.656,32.5,24.75,60.25,11.75,408337432.51,2017-02-05 00:00:00
"2017",29,14579,126456,10312909914.00,81553.345938,103.0,108.387098,96.612904,111.261292,776.2806459999999,783.8903240000001,161.89000000000001,28.0,20.83870967741936,51.32258064516129,9.0,510838183.80,2017-07-16 00:00:00
"2019",40,17210,200957,17254176959.00,85860.044482,97.0,106.129034,94.064516,97.10322599999999,847.893548,808.5129039999999,159.50750000000002,36.14930875576037,25.046082949308754,64.41935483870968,11.074654377880185,1675107997.06,2019-10-01 00:00:00
"2018",22,16401,165530,17287392221.00,104436.611013,101.03871000000001,107.95439400000001,95.0,108.147232,834.274882,837.8464979999999,178.168,31.940399385560685,23.0,52.09769585253456,9.92611367127496,640184056.10,2018-05-28 00:00:00
"2015",41,13989,49237,4421608716.45,89802.561416,100.233334,107.23333399999999,93.233334,102.88333399999999,781.4,802.466666,137.53749999999997,24.61290322580644,19.0,40.80645161290323,10.0,712562584.16,2015-10-08 00:00:00
"2015",47,18824,151691,8251568967.00,54397.221766,101.612904,109.225806,95.225806,105.29032399999998,784.709678,800.287098,138.69400000000002,25.266666666666676,19.56666666666667,43.96666666666666,10.566666666666672,765053000.81,2015-11-19 00:00:00
"2015",18,14413,267079,19927042511.00,74611.042092,100.92,106.00689600000001,92.01379399999999,103.596966,772.63131,793.674344,141.465,25.92396313364056,17.218894009216587,35.29953917050692,10.147465437788014,622148323.45,2015-04-30 00:00:00
"2015",24,13963,113417,5593179376.00,49315.176525,99.875,106.25,93.25,102.262502,776.425,802.95,134.10399999999998,25.9,18.3,38.300000000000004,10.7,811653050.81,2015-06-11 00:00:00
"2017",52,13409,150510,17460015064.00,116005.681110,104.0,109.0,97.0,111.096552,785.61724,815.386206,166.27,37.322580645161295,36.741935483870996,61.870967741935495,9.838709677419356,511372815.59,2017-12-24 00:00:00
"2016",11,14767,92815,8823193660.00,95062.152238,98.29032400000001,105.0,92.29032400000001,97.86774399999999,754.5129039999999,786.4741919999999,132.60999999999999,26.258064516129032,20.709677419354843,47.16129032258065,10.0,512515061.24,2016-03-11 00:00:00
"2017",12,13878,113485,10564584872.00,93092.345878,97.70967800000001,104.0,91.41935599999998,95.274192,787.435484,789.0516100000001,136.776,30.3225806451613,24.290322580645157,50.54838709677419,10.322580645161285,430312303.89,2017-03-19 00:00:00
"2019",46,18796,172271,13356031806.00,77529.194153,97.896552,108.44827599999999,95.0,99.67586200000001,857.7862079999999,803.496552,165.20600000000002,38.0,26.0,70.0,11.6,1416638880.79,2019-11-12 00:00:00
"2020",4,10993,173514,11214543980.00,64631.925838,100.12903200000001,109.70967800000001,95.0,103.125808,850.0064500000001,786.290324,182.7425,42.032258064516135,30.6774193548387,84.38709677419355,13.0,1454675793.97,2020-01-22 00:00:00
"2016",5,12919,120186,11956582587.00,99483.988043,100.068966,107.0,93.931034,99.686206,780.134482,805.2,128.48399999999998,25.838709677419356,21.516129032258057,53.5483870967742,11.161290322580642,367693897.13,2016-01-29 00:00:00
"2016",42,12523,76096,6635603532.00,87200.424884,100.38709800000001,107.0,94.38709800000001,101.416128,789.932258,813.532258,128.76,29.0,19.709677419354843,49.70967741935484,10.709677419354843,450581860.47,2016-10-14 00:00:00
"2015",35,11222,94652,7565616859.00,79930.871603,100.0,105.83870999999999,92.67742,100.890322,782.87742,795.4806459999999,121.102,24.80645161290323,19.0,41.0,11.0,515765002.41,2015-08-27 00:00:00
"2016",51,12665,84311,8058580195.00,95581.599020,98.0,104.6,90.53333400000001,94.106666,807.486666,813.1800000000001,120.75999999999999,28.67741935483872,22.838709677419356,53.19354838709678,14.0,611719029.32,2016-12-16 00:00:00
"2018",30,12878,99391,13054188393.00,131341.755219,99.375,105.375,93.375,101.78125200000001,836.225,851.025,179.048,34.774193548387096,25.322580645161285,58.0,9.0,820628972.03,2018-07-23 00:00:00
"2020",10,24178,219627,18522586271.00,84336.562767,95.4375,103.96875,91.75,94.009378,848.478128,784.3406280000002,168.882,46.0967741935484,33.096774193548384,100.0,14.290322580645157,1414001224.58,2020-03-04 00:00:00
"2016",48,11625,136893,10136890674.00,74049.737196,98.7,106.23333399999999,91.933334,96.463334,810.8466660000001,818.5000000000001,118.772,27.533333333333328,21.73333333333333,49.533333333333324,13.46666666666667,464932816.04,2016-11-25 00:00:00
"2016",25,12651,69884,6125983856.00,87659.319100,98.0,105.0,91.49999999999999,98.4,778.35,797.8,129.962,27.0,20.533333333333328,43.33333333333333,9.0,704753159.18,2016-06-17 00:00:00
"2019",3,20012,138167,13646479623.00,98768.009893,98.483872,109.0,94.51612999999999,97.20967799999998,881.7,820.667742,141.522,36.41935483870967,27.032258064516125,74.41935483870967,11.0,1547567696.85,2019-01-15 00:00:00
"2018",33,11780,64431,7399784573.00,114848.203085,98.51613,105.48387199999999,93.48387199999999,99.98065,851.541938,847.4806500000001,170.57500000000002,34.09677419354839,26.0,58.0,9.0,809322571.68,2018-08-13 00:00:00
"2018",10,17770,108954,11684825297.00,107245.491647,103.0,108.0,96.766666,108.376666,803.813334,836.803334,161.164,36.03225806451613,25.41935483870967,63.87096774193547,11.419354838709685,630243976.11,2018-03-05 00:00:00
"2020",24,16198,184432,10938107065.00,59306.991547,87.375,91.75,83.375,79.175,861.925,778.95,180.206,44.1,31.1,78.4,11.7,1962708262.76,2020-06-10 00:00:00
"2018",39,6950,81537,10762110345.00,131990.511608,100.785714,110.642858,95.857142,100.02142800000001,855.242858,851.192858,176.175,31.333333333333325,25.166666666666668,53.83333333333333,8.166666666666668,1667956072.37,2018-09-24 00:00:00
"2018",16,14256,118473,9975021369.00,84196.579549,102.387098,107.387098,95.387098,107.68709799999999,812.980646,835.219356,179.964,31.43333333333333,23.0,53.86666666666667,9.0,726696740.91,2018-04-16 00:00:00
"2016",19,9922,41117,3250162683.00,79046.688304,98.84375,105.84375,91.84375,100.70937799999999,756.84375,786.8375,133.41333333333333,24.29032258064517,19.193548387096786,39.19354838709678,8.096774193548388,554511750.31,2016-05-06 00:00:00
"2016",31,11129,191161,14702551660.00,76911.878782,99.86206800000001,105.931034,92.931034,100.34137999999999,806.1,814.127586,141.838,27.0,19.161290322580644,45.16129032258065,8.161290322580644,475299913.69,2016-07-29 00:00:00
"2015",4,14723,151122,8046579841.00,53245.588603,100.7,106.7,93.4,101.64999999999999,735.16,811.43,135.92,26.290322580645153,18.35483870967743,47.58064516129033,13.645161290322587,369697147.33,2015-01-22 00:00:00
"2017",46,17951,102856,9762129119.00,94910.643219,104.0,108.5,96.49999999999999,110.8,780.5,806.05,163.85999999999999,35.26666666666667,25.53333333333333,52.8,10.066666666666672,603633651.39,2017-11-12 00:00:00
"2019",23,11063,84804,6112780347.00,72081.273843,97.0,108.82142800000001,94.0,97.84642799999999,856.667858,792.7214280000001,158.4825,32.73333333333333,23.53333333333333,62.0,10.86666666666667,1298594580.99,2019-06-04 00:00:00
"2018",2,16425,95057,11197442440.00,117797.136875,104.363636,109.0,97.0,110.74545599999999,787.154546,814.90909,173.094,38.4516129032258,35.51612903225807,64.74193548387095,10.580645161290315,641547367.30,2018-01-08 00:00:00
"2020",30,16804,138802,13112749883.00,94470.900152,89.41935599999998,94.41935599999998,85.41935599999998,83.50323,853.5516100000001,769.529032,193.32800000000003,44.70967741935484,31.03225806451613,83.7741935483871,14.387096774193543,2034472279.00,2020-07-22 00:00:00
"2019",17,13760,155984,13983261319.00,89645.484915,98.8125,110.0,95.0,101.343752,860.056252,793.143752,160.17400000000004,32.0,25.0,59.233333333333334,11.0,1553525693.30,2019-04-23 00:00:00
"2017",38,14449,104570,9866866244.00,94356.567313,103.0,107.62069000000001,96.0,108.34483,785.593102,799.696552,162.0,30.1,21.733333333333327,49.366666666666674,10.0,514193232.49,2017-09-17 00:00:00
"2016",37,12127,59694,5474774723.00,91713.986715,100.0,106.23333399999999,94.0,101.376666,797.75,809.773334,133.796,27.4,19.0,45.800000000000004,9.2,529928268.94,2016-09-09 00:00:00
"2017",30,12476,97735,12799453753.00,130960.799641,103.0,108.16129000000001,96.83871,111.283872,772.4419359999999,784.070968,158.81,28.0,20.38709677419356,52.225806451612904,9.0,510838183.80,2017-07-23 00:00:00
"2016",14,16343,199032,18340921114.00,92150.614544,98.96128999999999,105.00689600000001,92.95439400000001,99.42200199999999,754.312994,782.736776,135.54000000000002,26.91658986175116,17.35514592933947,39.76036866359448,9.99047619047619,496586797.64,2016-04-01 00:00:00
"2018",48,21268,214174,21846199166.00,102002.106539,97.133334,108.2,95.06666600000001,95.94,866.2733339999999,841.3799999999999,148.716,34.1,25.099999999999998,61.60000000000001,9.0,1409964574.12,2018-11-26 00:00:00
"2017",7,14940,99816,8610121971.00,86259.937995,97.46428599999999,104.0,90.0,92.94285599999999,775.032144,790.764286,129.232,32.000000000000014,25.5,59.5,11.5,408337432.51,2017-02-12 00:00:00
"2015",42,16457,72269,5841838412.00,80834.637424,100.46666599999999,107.46666599999999,93.46666599999999,103.46666599999999,781.4,800.8333339999999,137.97400000000002,24.161290322580644,19.0,40.58064516129031,10.0,712562584.16,2015-10-15 00:00:00
"2015",19,11701,79617,4805362313.00,60355.983181,101.0,106.206896,92.413792,103.968966,772.9793099999999,796.3103459999999,136.24,25.83870967741936,17.16129032258064,35.48387096774194,10.161290322580642,486860052.70,2015-05-07 00:00:00
"2017",1,29166,247945,26461932670.00,106725.010264,98.0,103.15625,90.0,93.05937800000001,793.890628,804.453128,127.44200000000001,31.193548387096786,24.0,59.193548387096776,13.806451612903231,611719029.32,2017-01-01 00:00:00
"2017",1,29166,247945,26461932670.00,106725.010264,98.0,103.15625,90.0,93.05937800000001,793.890628,804.453128,127.44200000000001,31.193548387096786,24.0,59.193548387096776,13.806451612903231,433225889.39,2017-01-01 00:00:00
"2016",43,12768,88875,6851549024.00,77091.972140,100.612904,107.0,94.612904,101.48387199999999,790.067742,813.667742,127.30999999999999,29.0,20.16129032258064,50.16129032258065,11.16129032258064,450581860.47,2016-10-21 00:00:00
"2017",24,13223,71518,7425442508.00,103826.204703,102.46666599999999,107.4,96.0,109.44000000000001,785.046666,780.36,151.924,26.86666666666667,21.43333333333333,46.733333333333334,8.433333333333334,637180897.50,2017-06-11 00:00:00
"2018",17,13719,105012,14777222584.00,140719.370967,102.16129,107.16129000000001,95.16129,107.46129,814.041936,837.658066,174.786,31.2,23.0,53.4,9.0,726696740.91,2018-04-23 00:00:00
"2016",6,13670,121525,9919712310.00,81626.927052,99.67742,106.67742000000001,93.67742,99.129034,776.154838,802.77742,129.988,25.995391705069128,21.98617511520737,54.58906721754331,10.930716669315085,536439985.73,2016-02-05 00:00:00
"2019",35,16124,189846,17945028219.00,94524.131237,94.133334,105.13333400000002,92.0,92.63333399999999,848.1266659999999,798.04,145.57999999999998,39.48387096774193,24.741935483870957,73.0967741935484,12.741935483870972,823571560.42,2019-08-27 00:00:00
"2015",36,16641,144096,8071072483.00,56011.773283,100.0,106.06666600000001,93.0,101.17999999999999,782.146666,796.446666,130.198,24.98617511520737,19.0,41.0,10.952380952380958,614373044.41,2015-09-03 00:00:00
"2018",25,14047,120082,10680457870.00,88943.037840,101.0,107.31034600000001,95.0,106.406898,831.168966,845.768966,177.268,33.26666666666667,23.0,55.8,9.366666666666665,790296814.30,2018-06-18 00:00:00
"2018",31,10350,75580,10412404214.00,137766.660677,98.97379,105.05121000000001,93.05121,100.855828,838.8468560000001,851.0739520000001,181.402,34.91705069124423,25.91705069124423,58.0,9.0,814168171.83,2018-07-30 00:00:00
"2020",5,20349,208906,22809776239.00,109186.793289,100.80645200000001,109.935484,95.0,103.961292,848.990322,781.8645159999999,174.79999999999998,42.709677419354826,30.903225806451616,85.51612903225808,13.0,1411079694.33,2020-01-29 00:00:00
"2019",41,12569,111394,10378604362.00,93170.227857,97.0,106.580646,94.29032400000001,97.46451599999999,850.670968,806.4580659999999,160.6225,36.51612903225807,25.25806451612903,65.54838709677418,11.258064516129027,1772727044.76,2019-10-08 00:00:00
"2018",11,16564,122757,10413107230.00,84826.993409,103.0,108.0,96.53333400000001,108.35333399999999,805.726666,834.3066659999998,168.42000000000002,34.90322580645163,24.74193548387097,61.38709677419355,10.741935483870972,630243976.11,2018-03-12 00:00:00
"2016",26,12355,133968,9404244901.00,70197.695725,98.0,105.0,91.733334,98.30666599999999,782.48,799.293334,128.098,27.0,20.299999999999994,44.5,9.0,704753159.18,2016-06-24 00:00:00
"2017",41,14992,106973,9892340790.00,92475.117926,103.375,107.375,96.0,108.2,781.9,802.5,156.3825,29.967741935483872,22.612903225806445,49.3225806451613,10.322580645161285,505498563.85,2017-10-08 00:00:00
"2018",34,13341,117617,10605686686.00,90171.375617,98.29032400000001,105.70967800000001,93.70967800000001,99.55161,857.95484,845.6516099999999,174.392,33.645161290322584,26.0,58.0,9.0,809322571.68,2018-08-20 00:00:00
"2017",21,12837,126371,10896758290.00,86228.314170,101.36363999999999,106.0,95.36363999999999,106.37272800000001,783.8545460000001,777.912122,143.922,26.51612903225807,20.48387096774193,44.483870967741936,8.258064516129032,679704226.25,2017-05-21 00:00:00
"2019",32,15443,143285,12537093854.00,87497.601661,95.533334,106.533334,92.0,95.08333400000001,855.7566659999999,796.36,140.44,36.774193548387096,23.38709677419356,68.35483870967741,11.387096774193546,823571560.42,2019-08-06 00:00:00
"2020",19,15603,146523,13980790821.00,95417.039106,83.827588,87.827588,81.413792,72.206896,854.3,782.42414,160.9025,46.6774193548387,32.83870967741936,84.8709677419355,12.838709677419358,1896222776.91,2020-05-06 00:00:00
"2015",50,18920,86991,6903114313.00,79354.350599,101.70967800000001,109.12903200000001,95.129032,104.612904,784.21613,801.574192,139.50600000000003,26.48387096774193,19.74193548387097,46.741935483870975,11.258064516129027,27143686.15,2015-12-10 00:00:00
"2018",5,17735,115552,14175420794.00,122675.685353,104.93896,108.97857200000001,97.0,110.27201199999999,789.2236999999999,813.618118,173.946,41.69305464121135,27.537689269256084,68.67758393680052,11.907834101382488,627436927.93,2018-01-29 00:00:00
"2016",20,12297,64006,5340611548.00,83439.233009,98.625,105.625,91.625,100.16250199999999,760.125,788.85,132.038,24.967741935483872,19.645161290322587,39.645161290322584,8.32258064516129,554511750.31,2016-05-13 00:00:00
"2017",47,14562,98537,9702663875.00,98467.214092,104.0,108.73333399999999,96.733334,111.546666,779.846666,806.54,171.23,36.9,25.299999999999994,54.2,9.6,603633651.39,2017-11-19 00:00:00
"2015",13,13274,181347,12531446419.00,69102.033223,99.5625,106.5625,92.0,101.25625199999999,761.925,793.031252,151.038,25.2258064516129,20.2258064516129,41.25806451612901,12.0,911710078.30,2015-03-26 00:00:00
"2020",25,16811,149147,12162898873.00,81549.738667,87.59375,92.1875,83.59375,80.09374999999999,861.00625,777.9875,173.49,43.4,30.4,77.93333333333332,11.466666666666672,1962708262.76,2020-06-17 00:00:00
"2019",12,17417,124070,11229725913.00,90511.210711,98.0,109.68965599999999,95.0,99.73793,868.106898,794.6724120000001,150.08800000000002,32.774193548387096,25.7741935483871,64.25806451612902,11.0,1257384879.24,2019-03-19 00:00:00
"2020",39,16771,199359,15012021363.00,75301.447955,88.933334,93.633334,84.16666599999999,81.453334,,,195.45,43.800000000000004,29.06666666666667,84.39999999999999,13.53333333333333,2353517939.99,2020-09-23 00:00:00
"2017",33,11014,82478,6940139407.00,84145.340660,103.0,108.51613,96.483872,110.62903200000001,782.1387100000001,790.703226,153.8675,29.935483870967744,21.4516129032258,51.5483870967742,9.483870967741936,469264573.68,2017-08-13 00:00:00
"2019",18,16050,179536,17960158005.00,100036.527520,98.91632999999999,109.96128999999999,94.96128999999999,101.54103,858.6522000000001,793.406836,161.4125,32.02764976958526,24.944700460829488,59.11152073732719,11.0,1499050644.42,2019-04-30 00:00:00
"2019",15,14972,91779,9064310285.00,98762.356149,98.375,110.0,95.0,100.512502,862.987502,792.312502,160.336,32.0,25.0,59.699999999999996,11.0,1553525693.30,2019-04-09 00:00:00
"2018",45,20496,105946,11048825990.00,104287.334963,98.533334,110.3,95.766666,98.46000000000001,863.893334,850.6199999999999,154.02,34.800000000000004,25.799999999999994,58.800000000000004,9.0,1418433893.94,2018-11-05 00:00:00
"2019",38,18049,140012,12186908663.00,87041.886859,95.83871,105.612904,93.225806,95.21935599999999,847.216128,804.8806460000001,158.362,37.73333333333333,25.0,68.33333333333333,11.866666666666672,1431060377.81,2019-09-17 00:00:00
"2016",34,10221,58668,4857678014.00,82799.447978,100.0,106.0,93.575758,101.01818399999999,803.29697,811.41515,140.7075,27.0,19.0,45.0,8.516129032258064,376698704.69,2016-08-19 00:00:00
"2016",40,14924,194468,16912304948.00,86967.032869,100.0,106.93333399999999,94.0,101.306666,790.4,812.9933340000001,131.794,28.8,19.0,48.6,9.900000000000002,518593067.73,2016-09-30 00:00:00
"2017",27,13291,131779,8393275367.00,63692.055388,103.0,108.83870999999999,96.16129000000001,111.21612999999999,783.9580659999999,783.5290339999999,157.196,28.0,21.741935483870957,49.516129032258064,9.0,510838183.80,2017-07-02 00:00:00
"2017",4,7091,72865,8546834293.00,117296.840636,98.0,103.8125,90.0,92.468752,782.931252,800.056252,127.1825,32.548387096774185,24.0,60.548387096774185,12.451612903225799,433225889.39,2017-01-22 00:00:00
"2015",22,10366,149023,11418732761.00,76623.962482,101.0,106.931034,93.86206800000001,104.910346,772.906898,805.796552,133.53500000000003,25.161290322580644,17.838709677419356,37.51612903225806,10.838709677419358,486860052.70,2015-05-28 00:00:00
"2017",50,16137,116573,10787443414.00,92538.095562,104.0,109.0,97.0,111.77241399999998,782.23793,811.089656,167.18800000000002,38.225806451612904,30.4193548387097,58.70967741935481,9.38709677419355,511372815.59,2017-12-10 00:00:00
"2020",16,18004,150748,12822396058.00,85058.482089,85.0,90.0,83.0,74.6,849.05,777.25,150.85,47.0,33.533333333333324,93.46666666666668,15.13333333333333,1946686851.41,2020-04-15 00:00:00
"2015",39,8574,102917,10699785568.00,103965.191056,100.0,106.76666600000001,93.0,102.02000000000001,781.5866659999999,802.186666,136.85999999999999,25.0,19.0,41.0,10.266666666666671,653816261.21,2015-09-24 00:00:00
"2020",2,20925,221003,19898694032.00,90038.117274,98.774194,109.25806599999999,95.0,101.45483800000001,852.03871,795.141936,175.06400000000002,40.67741935483871,30.2258064516129,82.12903225806451,13.0,1454675793.97,2020-01-08 00:00:00
"2016",46,12063,73460,7329222578.00,99771.611462,100.1,106.7,93.8,99.59,798.34,815.7,119.68400000000001,28.466666666666672,21.266666666666673,50.466666666666676,12.53333333333333,464932816.04,2016-11-11 00:00:00
"2015",30,13083,79822,6729887401.00,84311.184898,99.41935599999998,105.0,91.29032400000001,99.190324,785.2096779999999,794.2870959999999,136.57,25.290322580645157,19.0,40.354838709677416,10.677419354838715,634535672.05,2015-07-23 00:00:00
"2017",10,15119,85844,8866218525.00,103282.914647,97.258066,104.0,90.51613,94.145162,776.912904,785.70968,132.394,30.7741935483871,26.096774193548384,55.51612903225806,10.774193548387101,430312303.89,2017-03-05 00:00:00
"2019",44,17156,222431,23662156627.00,106379.761036,97.01379399999999,107.929476,94.96128999999999,98.55461600000001,858.8990440000001,800.4060539999999,165.622,37.86175115207373,25.930875576036872,69.58525345622118,11.926113671274972,1670987569.34,2019-10-29 00:00:00
"2015",33,11002,56066,5342162746.00,95283.464952,100.0,105.387098,91.77419400000001,100.30322800000002,784.774194,794.3064499999999,131.2675,24.354838709677427,19.0,41.0,11.0,515765002.41,2015-08-13 00:00:00
"2018",28,13563,120893,8660291304.00,71636.002944,100.25,106.25,94.25,103.837502,832.55,850.15,179.73,34.3225806451613,23.967741935483872,58.0,9.0,820628972.03,2018-07-09 00:00:00
"2020",8,18966,207652,17807772199.00,85757.768762,98.285714,107.28571400000001,93.642858,99.246428,848.835714,784.739286,186.522,44.862068965517224,32.241379310344826,94.6896551724138,13.620689655172416,1149503096.49,2020-02-19 00:00:00
"2017",18,6441,38434,4039277079.00,105096.453114,99.454548,106.0,93.454548,101.79091000000001,784.6181839999999,778.548486,139.66,27.871274961597543,19.157296466973886,43.15729646697388,8.93563748079877,647008805.06,2017-04-30 00:00:00
"2019",52,16080,221970,21204099134.00,95526.869099,98.1875,109.0,95.0,100.593752,853.6875,801.6250000000001,168.775,39.548387096774185,29.096774193548388,78.51612903225805,12.548387096774201,2156259108.08,2019-12-24 00:00:00
"2016",3,13007,92260,7089726879.00,76845.077812,100.55172400000001,107.0,93.44827599999999,100.989656,778.975862,802.4,132.87999999999997,25.387096774193555,20.16129032258064,49.48387096774193,11.612903225806459,367693897.13,2016-01-15 00:00:00
"2017",44,19549,139824,13560871801.00,96985.294377,103.99375,108.03374999999998,96.03999999999999,109.31800000000001,781.788,805.059,158.52599999999998,32.11705069124423,25.83317972350232,50.14377880184332,10.915207373271885,561575756.73,2017-10-29 00:00:00
"2018",14,17462,98952,9935674392.00,100409.030560,102.83870999999999,107.83870999999999,95.83870999999999,108.13871000000002,810.858066,830.3419360000001,162.552,31.900000000000002,23.0,54.800000000000004,9.0,726696740.91,2018-04-02 00:00:00
"2019",1,18966,161565,12966075757.00,80252.998836,98.919355,109.0,94.080645,96.94839,880.35,828.28871,136.06333333333336,34.322580645161274,27.87096774193548,72.32258064516128,11.0,388328187.20,2019-01-01 00:00:00
"2019",1,18966,161565,12966075757.00,80252.998836,98.919355,109.0,94.080645,96.94839,880.35,828.28871,136.06333333333336,34.322580645161274,27.87096774193548,72.32258064516128,11.0,1105405497.75,2019-01-01 00:00:00
"2018",37,14383,113594,13309487033.00,117167.165809,99.285714,108.142858,94.857142,99.471428,861.1428579999999,846.942858,179.714,32.266666666666666,25.633333333333326,56.16666666666667,8.633333333333335,1667956072.37,2018-09-10 00:00:00
"2019",29,15249,170380,11211419791.00,65802.440374,96.424244,107.424244,92.84848600000001,96.62121200000001,863.009092,797.07273,159.02,33.58064516129033,24.935483870967744,64.58064516129033,10.516129032258073,1367002998.62,2019-07-16 00:00:00
"2020",22,16885,267380,24454372202.00,91459.242284,86.72414,90.72414,82.86206800000001,77.131034,862.7,780.75862,170.62999999999997,45.3225806451613,32.16129032258065,80.1290322580645,12.161290322580642,1896222776.91,2020-05-27 00:00:00
"2019",9,18888,189180,18437007173.00,97457.485849,98.0,109.00689600000001,95.0,99.51138,874.2406420000001,801.890296,154.08249999999998,34.373436471362716,26.914252797893344,71.40849242922975,11.0,1384666732.29,2019-02-26 00:00:00
"2019",21,15180,142593,12987165195.00,91078.560623,97.58064600000002,109.29032400000001,94.29032400000001,99.00323,855.322582,792.0096780000001,154.212,32.6774193548387,23.645161290322587,61.03225806451612,11.0,1458194357.76,2019-05-21 00:00:00
"2015",16,12417,150970,6306322702.00,41772.025581,100.0,106.0,92.0,102.3,768.4,793.3999999999999,150.10399999999998,25.46666666666667,18.6,37.13333333333333,11.066666666666672,676263631.75,2015-04-16 00:00:00
"2020",28,16833,155940,12705396946.00,81476.189213,88.51613,93.51613,84.51613,82.41935600000001,857.2096799999999,773.7741939999999,181.33,42.90322580645161,29.67741935483871,79.25806451612901,12.12903225806453,2034472279.00,2020-07-08 00:00:00
"2016",17,11633,72002,8083177371.00,112263.233951,99.0,105.68965599999999,92.310346,100.603448,754.4379299999999,784.5,137.48999999999998,25.1,18.266666666666673,39.0,8.733333333333333,456766138.64,2016-04-22 00:00:00
"2018",8,18375,126412,14794126462.00,117031.029190,103.5,108.25,97.0,108.875,798.675,832.725,167.074,38.42857142857142,26.28571428571428,66.85714285714286,12.0,608623008.77,2018-02-19 00:00:00
"2020",36,21683,232371,27586389990.00,118717.008533,91.73333400000001,98.533334,87.66666599999999,87.61333400000001,842.5,770.3,199.87,45.857142857142854,31.809523809523814,90.51612903225806,14.918586789554528,2133165455.63,2020-09-02 00:00:00
"2015",10,19157,112385,6296677663.00,56027.740917,101.53125,108.53125,92.0,102.50312799999999,755.3625,792.4406280000001,145.124,25.903225806451616,20.903225806451616,48.032258064516135,12.0,911710078.30,2015-03-05 00:00:00
"2018",51,17283,158767,11220125726.00,70670.389476,98.225806,108.612904,94.387098,96.435482,874.8354820000001,833.880646,137.04000000000002,34.0,26.741935483870975,67.80645161290322,10.161290322580637,1359148655.20,2018-12-17 00:00:00
"2016",23,13945,126877,13253635930.00,104460.508445,98.00625,105.00625,91.04624999999999,98.59962599999999,770.11425,794.7984999999999,132.32999999999998,26.91705069124423,20.91612903225806,41.087557603686626,8.972350230414746,640363983.95,2016-06-03 00:00:00
