,YY,WK,SALE_SUM_CNT,SALE_SUM_QTY,SALE_SUM_AMT,SALE_SUM_AVG,INCOME_CSI,CONSUME_CSI,P_CONSUME_CSI,CONSUME_INDEX,IT_EMP,FIN_EMP,HARDWARE_PRC,G_MOUSE,G_CPU,G_LABTOP,G_TABLET,N_MOUSE,N_CPU,N_LABTOP,N_TABLET,DT
0,2015,1,5579,25211,1676516927.00,66499.421958,100.05000000000001,106.05000000000001,92.1,100.67500000000001,723.5899999999999,817.995,126.43,25.064516129032267,18.96774193548387,45.12903225806449,13.032258064516133,,,,,2015-01-01
1,2015,2,16786,107529,6922812899.00,64380.891657,100.233334,106.23333399999999,92.466666,100.95,726.853334,816.143334,130.672,25.38709677419356,18.80645161290323,45.774193548387096,13.19354838709677,,,,,2015-01-08
2,2015,3,14327,90766,5840964106.00,64351.895048,100.46666599999999,106.46666599999999,92.933334,101.3,731.006666,813.786666,135.39000000000001,25.838709677419356,18.580645161290313,46.67741935483872,13.419354838709674,,,,,2015-01-15
3,2015,4,14723,151122,8046579841.00,53245.588603,100.7,106.7,93.4,101.64999999999999,735.16,811.43,135.92,26.290322580645153,18.35483870967743,47.58064516129033,13.645161290322587,,,,,2015-01-22
4,2015,5,14411,276991,18566530993.00,67029.365549,100.93333399999999,106.93333399999999,93.866666,102.0,739.3133339999999,809.0733339999999,136.16400000000002,26.741935483870957,18.129032258064516,48.48387096774193,13.870967741935486,,,,,2015-01-29
5,2015,6,18392,94949,5534518855.00,58289.385406,101.178572,107.357142,93.642858,102.225,742.875,805.525,136.86200000000002,26.892857142857142,18.321428571428577,49.0,13.785714285714286,,,,,2015-02-05
6,2015,7,15852,86744,6534783322.00,75334.124804,101.428572,107.857142,93.142858,102.4,746.2,801.4999999999999,136.51799999999997,26.642857142857142,19.071428571428577,49.0,13.285714285714286,,,,,2015-02-12
7,2015,8,1767,9888,1261262160.00,127554.830097,101.678572,108.357142,92.642858,102.575,749.525,797.475,136.905,26.392857142857142,19.821428571428577,49.0,12.785714285714286,,,,,2015-02-19
8,2015,9,19269,267606,20397619247.00,76222.578144,101.928572,108.857142,92.142858,102.75,752.85,793.45,140.83,26.142857142857142,20.571428571428577,49.0,12.285714285714286,,,,,2015-02-26
9,2015,10,19157,112385,6296677663.00,56027.740917,101.53125,108.53125,92.0,102.50312799999999,755.3625,792.4406280000001,145.124,25.903225806451616,20.903225806451616,48.032258064516135,12.0,,,,,2015-03-05
10,2015,11,15594,90524,6764934731.00,74730.841887,100.875,107.875,92.0,102.087502,757.55,792.6375019999999,146.434,25.6774193548387,20.6774193548387,45.77419354838709,12.0,,,,,2015-03-12
11,2015,12,13961,82583,6646495825.00,80482.615368,100.21875,107.21875,92.0,101.671878,759.7375,792.8343779999999,149.124,25.451612903225815,20.451612903225815,43.51612903225807,12.0,,,,,2015-03-19
12,2015,13,13274,181347,12531446419.00,69102.033223,99.5625,106.5625,92.0,101.25625199999999,761.925,793.031252,151.038,25.2258064516129,20.2258064516129,41.25806451612901,12.0,,,,,2015-03-26
13,2015,14,10628,127243,5257073474.00,41315.227352,99.09875,106.01875,92.0,101.023876,764.1055,793.210376,149.092,25.056221198156685,19.94193548387097,39.16221198156683,11.942857142857141,,,,,2015-04-02
14,2015,14,6811,198365,12364325363.00,62331.184246,99.09875,106.01875,92.0,101.023876,764.1055,793.210376,149.092,25.056221198156685,19.94193548387097,39.16221198156683,11.942857142857141,,,,,2015-04-02
15,2015,15,12343,64875,5474162097.00,84380.147930,99.533334,106.0,92.0,101.646666,766.253334,793.3066660000001,149.788,25.23333333333333,19.3,38.06666666666667,11.53333333333333,,,,,2015-04-09
16,2015,16,12417,150970,6306322702.00,41772.025581,100.0,106.0,92.0,102.3,768.4,793.3999999999999,150.10399999999998,25.46666666666667,18.6,37.13333333333333,11.066666666666672,,,,,2015-04-16
17,2015,17,12267,169150,7949599507.00,46997.336724,100.466666,106.0,92.0,102.953334,770.546666,793.493334,145.686,25.700000000000006,17.9,36.199999999999996,10.6,,,,,2015-04-23
18,2015,18,12018,264145,19577077618.00,74114.889996,100.92,106.00689600000001,92.01379399999999,103.596966,772.63131,793.674344,141.465,25.92396313364056,17.218894009216587,35.29953917050692,10.147465437788014,,,,,2015-04-30
19,2015,18,2395,2934,349964893.00,119279.104635,100.92,106.00689600000001,92.01379399999999,103.596966,772.63131,793.674344,141.465,25.92396313364056,17.218894009216587,35.29953917050692,10.147465437788014,,,,,2015-04-30
20,2015,19,11701,79617,4805362313.00,60355.983181,101.0,106.206896,92.413792,103.968966,772.9793099999999,796.3103459999999,136.24,25.83870967741936,17.16129032258064,35.48387096774194,10.161290322580642,,,,,2015-05-07
21,2015,20,12681,119292,5940265511.00,49796.009045,101.0,106.44827599999999,92.896552,104.28275800000002,772.9551720000001,799.4724140000001,137.798,25.612903225806445,17.387096774193555,36.16129032258065,10.387096774193543,,,,,2015-05-14
22,2015,21,12826,67069,5356748998.00,79869.224201,101.0,106.68965599999999,93.37931200000001,104.596552,772.931034,802.634482,136.536,25.38709677419356,17.612903225806445,36.83870967741935,10.612903225806457,,,,,2015-05-21
23,2015,22,10366,149023,11418732761.00,76623.962482,101.0,106.931034,93.86206800000001,104.910346,772.906898,805.796552,133.53500000000003,25.161290322580644,17.838709677419356,37.51612903225806,10.838709677419358,,,,,2015-05-28
24,2015,23,14531,70074,4973375804.00,70973.196963,100.53125,106.6875,93.6875,103.85937800000002,774.36875,805.1375,133.366,25.218894009216587,18.066820276497698,38.05760368663594,10.923963133640557,,,,,2015-06-04
25,2015,23,598,27223,1999162016.00,73436.506483,100.53125,106.6875,93.6875,103.85937800000002,774.36875,805.1375,133.366,25.218894009216587,18.066820276497698,38.05760368663594,10.923963133640557,,,,,2015-06-04
26,2015,24,13963,113417,5593179376.00,49315.176525,99.875,106.25,93.25,102.262502,776.425,802.95,134.10399999999998,25.9,18.3,38.300000000000004,10.7,,,,,2015-06-11
27,2015,25,13531,66139,5602653983.00,84710.291703,99.21875,105.8125,92.8125,100.665628,778.48125,800.7625,131.344,26.6,18.533333333333328,38.533333333333324,10.466666666666672,,,,,2015-06-18
28,2015,26,12876,159322,7965366053.00,49995.393310,98.5625,105.375,92.375,99.068752,780.5375,798.575,135.83800000000002,27.3,18.766666666666673,38.766666666666666,10.233333333333329,,,,,2015-06-25
29,2015,27,11027,52962,3828562818.00,72288.864053,98.09617,105.0125,91.97379,97.82691600000001,782.39996,796.6308879999999,134.156,27.803686635944704,18.97142857142857,39.02672811059909,10.056221198156686,,,,,2015-07-02
30,2015,27,5776,65510,6453669825.00,98514.269958,98.09617,105.0125,91.97379,97.82691600000001,782.39996,796.6308879999999,134.156,27.803686635944704,18.97142857142857,39.02672811059909,10.056221198156686,,,,,2015-07-02
31,2015,28,13472,63526,4346916541.00,68427.361096,98.51613,105.0,91.741936,98.24193600000001,783.358066,795.822582,130.344,27.096774193548384,19.0,39.451612903225815,10.225806451612899,,,,,2015-07-09
32,2015,29,13722,72665,5276510127.00,72614.190146,98.967742,105.0,91.51613,98.71612999999999,784.2838720000001,795.054838,136.048,26.193548387096772,19.0,39.90322580645161,10.451612903225799,,,,,2015-07-16
33,2015,30,13083,79822,6729887401.00,84311.184898,99.41935599999998,105.0,91.29032400000001,99.190324,785.2096779999999,794.2870959999999,136.57,25.290322580645157,19.0,40.354838709677416,10.677419354838715,,,,,2015-07-23
34,2015,31,2581,5473,1229623393.00,224670.819112,99.87096799999999,105.0,91.064516,99.664516,786.1354840000001,793.519356,130.73999999999998,24.387096774193555,19.0,40.80645161290322,10.903225806451616,,,,,2015-07-30
35,2015,31,12940,185091,15828150444.00,85515.505583,99.87096799999999,105.0,91.064516,99.664516,786.1354840000001,793.519356,130.73999999999998,24.387096774193555,19.0,40.80645161290322,10.903225806451616,,,,,2015-07-30
36,2015,32,10888,54517,4094326327.00,75101.827448,100.0,105.16129000000001,91.322582,100.009678,785.722582,793.719356,132.98399999999998,24.129032258064512,19.0,41.0,11.0,,,,,2015-08-06
37,2015,33,11002,56066,5342162746.00,95283.464952,100.0,105.387098,91.77419400000001,100.30322800000002,784.774194,794.3064499999999,131.2675,24.354838709677427,19.0,41.0,11.0,,,,,2015-08-13
38,2015,34,13190,117319,6051979809.00,51585.675031,100.0,105.612904,92.225806,100.59677400000001,783.8258060000001,794.89355,123.566,24.580645161290313,19.0,41.0,11.0,,,,,2015-08-20
39,2015,35,11222,94652,7565616859.00,79930.871603,100.0,105.83870999999999,92.67742,100.890322,782.87742,795.4806459999999,121.102,24.80645161290323,19.0,41.0,11.0,,,,,2015-08-27
40,2015,36,13218,50065,3938259084.00,78662.919884,100.0,106.06666600000001,93.0,101.17999999999999,782.146666,796.446666,130.198,24.98617511520737,19.0,41.0,10.952380952380958,,,,,2015-09-03
41,2015,36,3423,94031,4132813399.00,43951.605311,100.0,106.06666600000001,93.0,101.17999999999999,782.146666,796.446666,130.198,24.98617511520737,19.0,41.0,10.952380952380958,,,,,2015-09-03
42,2015,37,12328,87483,7019518457.00,80238.657304,100.0,106.3,93.0,101.46000000000001,781.9599999999999,798.36,132.01999999999998,25.0,19.0,41.0,10.733333333333329,,,,,2015-09-10
43,2015,38,11485,60927,4982717097.00,81781.756807,100.0,106.533334,93.0,101.74,781.7733340000001,800.273334,134.61399999999998,25.0,19.0,41.0,10.5,,,,,2015-09-17
44,2015,39,8574,102917,10699785568.00,103965.191056,100.0,106.76666600000001,93.0,102.02000000000001,781.5866659999999,802.186666,136.85999999999999,25.0,19.0,41.0,10.266666666666671,,,,,2015-09-24
45,2015,40,4106,58512,4229620593.00,72286.378742,100.02,107.0,93.02,102.326,781.416,803.796,138.09,24.97235023041474,19.0,40.98617511520737,10.047619047619042,,,,,2015-10-01
46,2015,40,7358,58425,2774954718.00,47496.015712,100.02,107.0,93.02,102.326,781.416,803.796,138.09,24.97235023041474,19.0,40.98617511520737,10.047619047619042,,,,,2015-10-01
47,2015,41,13989,49237,4421608716.45,89802.561416,100.233334,107.23333399999999,93.233334,102.88333399999999,781.4,802.466666,137.53749999999997,24.61290322580644,19.0,40.80645161290323,10.0,,,,,2015-10-08
48,2015,42,16457,72269,5841838412.00,80834.637424,100.46666599999999,107.46666599999999,93.46666599999999,103.46666599999999,781.4,800.8333339999999,137.97400000000002,24.161290322580644,19.0,40.58064516129031,10.0,,,,,2015-10-15
49,2015,43,12558,78673,6316621920.00,80289.577364,100.7,107.7,93.7,104.05,781.4,799.2,142.32000000000002,23.709677419354847,19.0,40.35483870967744,10.0,,,,,2015-10-22
50,2015,44,14095,186199,15703453994.00,84336.940552,100.93333399999999,107.93333399999999,93.93333399999999,104.63333399999999,781.4,797.5666659999999,141.93400000000003,23.258064516129043,19.0,40.12903225806451,10.0,,,,,2015-10-29
51,2015,45,14451,69651,4922097883.00,70668.014572,101.16129000000001,108.32258199999998,94.322582,104.929034,782.270968,797.93871,140.198,23.400000000000002,19.099999999999998,40.699999999999996,10.1,,,,,2015-11-05
52,2015,46,14741,68072,5624610887.00,82627.378173,101.38709800000001,108.77419400000001,94.77419400000001,105.109678,783.490324,799.1129040000001,136.742,24.333333333333325,19.333333333333332,42.33333333333332,10.333333333333329,,,,,2015-11-12
53,2015,47,18824,151691,8251568967.00,54397.221766,101.612904,109.225806,95.225806,105.29032399999998,784.709678,800.287098,138.69400000000002,25.266666666666676,19.56666666666667,43.96666666666666,10.566666666666672,,,,,2015-11-19
54,2015,48,15242,155655,10689513693.00,68674.399749,101.83871,109.67742000000001,95.67742,105.470968,785.929034,801.46129,142.404,26.2,19.8,45.60000000000001,10.8,,,,,2015-11-26
55,2015,49,18732,98973,6157048318.00,62209.373445,101.935484,109.806452,95.806452,105.380646,786.2258059999999,802.138712,141.244,26.85069124423963,19.93963133640553,46.85391705069124,11.031797235023044,,,,,2015-12-03
56,2015,49,4463,63294,5736721904.00,90636.109331,101.935484,109.806452,95.806452,105.380646,786.2258059999999,802.138712,141.244,26.85069124423963,19.93963133640553,46.85391705069124,11.031797235023044,,,,,2015-12-03
57,2015,50,18920,86991,6903114313.00,79354.350599,101.70967800000001,109.12903200000001,95.129032,104.612904,784.21613,801.574192,139.50600000000003,26.48387096774193,19.74193548387097,46.741935483870975,11.258064516129027,,,,,2015-12-10
58,2015,51,17901,143674,9591899423.00,66761.553398,101.483872,108.45161399999999,94.45161399999999,103.845162,782.2064539999999,801.009678,137.658,26.032258064516125,19.516129032258053,46.51612903225806,11.48387096774193,,,,,2015-12-17
59,2015,52,14277,107209,7732679910.00,72127.152664,101.258066,107.774194,93.774194,103.07741999999999,780.196774,800.445162,139.11499999999998,25.580645161290327,19.29032258064517,46.290322580645174,11.709677419354845,,,,,2015-12-24
60,2015,53,13974,134558,12411653136.00,92240.172535,101.0483875,107.14516,93.14516,102.3645175,778.330645,799.9209699999999,137.42666666666668,25.19354838709678,19.096774193548377,46.09677419354838,11.90322580645162,,,,,2015-12-31
61,2016,1,2026,3188,544395557.00,170763.976474,100.96552,107.0,93.03448,102.1069,777.98276,800.0,,25.01612903225805,19.0483870967742,46.145161290322605,11.98387096774195,5.159000000000001,1.67838,30.062465,3.49701,2016-01-01
62,2016,2,14223,85770,6500464912.00,75789.494135,100.793104,107.0,93.206896,101.64138,778.39655,801.0000000000001,137.2,25.16129032258064,19.483870967741943,47.451612903225794,11.838709677419358,7.280754285714286,2.16013,35.19207,4.228155714285714,2016-01-08
63,2016,3,13007,92260,7089726879.00,76845.077812,100.55172400000001,107.0,93.44827599999999,100.989656,778.975862,802.4,132.87999999999997,25.387096774193555,20.16129032258064,49.48387096774193,11.612903225806459,7.387175714285713,2.1955142857142858,35.75018857142857,4.4469771428571425,2016-01-15
64,2016,4,13112,101438,9723726409.00,95858.814339,100.310346,107.0,93.689656,100.33793,779.5551720000001,803.8,128.43,25.61290322580644,20.838709677419356,51.51612903225807,11.387096774193543,7.981459999999999,2.3157257142857146,37.05818571428572,4.398841428571429,2016-01-22
65,2016,5,12919,120186,11956582587.00,99483.988043,100.068966,107.0,93.931034,99.686206,780.134482,805.2,128.48399999999998,25.838709677419356,21.516129032258057,53.5483870967742,11.161290322580642,8.221357142857142,2.372185714285714,36.334584285714286,4.383491428571429,2016-01-29
66,2016,6,1505,32601,2204363406.00,67616.435262,99.67742,106.67742000000001,93.67742,99.129034,776.154838,802.77742,129.988,25.995391705069128,21.98617511520737,54.58906721754331,10.930716669315085,7.680414285714286,2.327435714285715,35.989307142857136,4.06111,2016-02-05
67,2016,6,12165,88924,7715348904.00,86763.403625,99.67742,106.67742000000001,93.67742,99.129034,776.154838,802.77742,129.988,25.995391705069128,21.98617511520737,54.58906721754331,10.930716669315085,7.680414285714286,2.327435714285715,35.989307142857136,4.06111,2016-02-05
68,2016,7,8282,42742,3631282842.00,84958.187309,99.22580599999999,106.22580599999999,93.22580599999999,98.609678,770.3516139999999,798.8258060000001,122.71000000000001,26.0,22.0,53.448275862068975,10.689655172413799,8.739925714285715,2.9334257142857143,44.99333428571428,4.676209999999999,2016-02-12
69,2016,8,15695,94342,8883100989.00,94158.497689,98.774194,105.774194,92.774194,98.090324,764.5483879999999,794.874194,127.54800000000003,26.0,22.0,52.241379310344826,10.448275862068972,9.486942857142855,2.8644757142857142,39.979910000000004,5.142478571428572,2016-02-19
70,2016,9,14340,194218,11576156492.00,59603.932138,98.322582,105.32258199999998,92.322582,97.57096800000001,758.7451619999999,790.922582,130.344,26.0,22.0,51.03448275862066,10.206896551724144,8.811478571428571,2.5855471428571426,38.42602857142857,4.872135714285714,2016-02-26
71,2016,10,4176,105824,7166586364.00,67721.748979,98.064516,105.0,92.064516,97.348386,754.5806460000001,787.738712,130.76,26.04608294930876,21.76958525345623,49.56697918321944,10.014778325123157,8.418324285714286,2.2647257142857145,37.42922142857143,4.5435099999999995,2016-03-04
72,2016,10,12161,68974,7522841474.00,109067.786035,98.064516,105.0,92.064516,97.348386,754.5806460000001,787.738712,130.76,26.04608294930876,21.76958525345623,49.56697918321944,10.014778325123157,8.418324285714286,2.2647257142857145,37.42922142857143,4.5435099999999995,2016-03-04
73,2016,11,14767,92815,8823193660.00,95062.152238,98.29032400000001,105.0,92.29032400000001,97.86774399999999,754.5129039999999,786.4741919999999,132.60999999999999,26.258064516129032,20.709677419354843,47.16129032258065,10.0,8.02361142857143,2.8194614285714286,33.17946571428572,4.75921,2016-03-11
74,2016,12,13771,86368,7062842488.00,81776.149592,98.51612999999999,105.0,92.51612999999999,98.38709600000001,754.445162,785.209678,133.834,26.483870967741947,19.58064516129033,44.67741935483872,10.0,8.067062857142856,3.0671657142857147,29.858084285714284,4.401444285714286,2016-03-18
75,2016,13,12573,82111,8025288964.00,97737.074983,98.741936,105.0,92.741936,98.90645400000001,754.37742,783.9451619999999,135.46,26.70967741935483,18.4516129032258,42.19354838709677,10.0,7.685358571428572,2.279297142857143,27.954764285714283,4.315318571428572,2016-03-25
76,2016,14,4796,22278,2053227919.00,92163.924903,98.96128999999999,105.00689600000001,92.95439400000001,99.42200199999999,754.312994,782.736776,135.54000000000002,26.91658986175116,17.35514592933947,39.76036866359448,9.99047619047619,6.954992857142857,1.998287142857143,25.00806142857143,4.117571428571428,2016-04-01
77,2016,14,11547,176754,16287693195.00,92148.936912,98.96128999999999,105.00689600000001,92.95439400000001,99.42200199999999,754.312994,782.736776,135.54000000000002,26.91658986175116,17.35514592933947,39.76036866359448,9.99047619047619,6.954992857142857,1.998287142857143,25.00806142857143,4.117571428571428,2016-04-01
78,2016,15,12983,71831,5715671401.00,79571.096058,99.0,105.206896,92.793104,99.831034,754.3413800000001,783.1,136.44400000000002,26.5,17.333333333333332,39.0,9.666666666666668,6.417431428571428,1.8744342857142857,24.679957142857145,3.6749814285714284,2016-04-08
79,2016,16,10542,57076,4971079134.00,87095.786915,99.0,105.44827599999999,92.55172400000001,100.217242,754.3896560000001,783.8000000000001,136.67499999999998,25.8,17.8,39.0,9.200000000000001,6.118988571428572,1.77244,23.545507142857144,3.596402857142858,2016-04-15
80,2016,17,11633,72002,8083177371.00,112263.233951,99.0,105.68965599999999,92.310346,100.603448,754.4379299999999,784.5,137.48999999999998,25.1,18.266666666666673,39.0,8.733333333333333,6.300602857142857,1.8890042857142857,23.65296857142857,3.952347142857143,2016-04-22
81,2016,18,12749,263367,19913132252.00,75609.822992,99.0,105.931034,92.068966,100.989656,754.486206,785.2,136.844,24.4,18.733333333333327,39.0,8.266666666666667,6.450734285714286,1.7084300000000001,21.570371428571427,3.5813128571428576,2016-04-29
82,2016,19,9922,41117,3250162683.00,79046.688304,98.84375,105.84375,91.84375,100.70937799999999,756.84375,786.8375,133.41333333333333,24.29032258064517,19.193548387096786,39.19354838709678,8.096774193548388,5.800511428571428,1.6881357142857145,21.826402857142853,3.242278571428572,2016-05-06
83,2016,20,12297,64006,5340611548.00,83439.233009,98.625,105.625,91.625,100.16250199999999,760.125,788.85,132.038,24.967741935483872,19.645161290322587,39.645161290322584,8.32258064516129,6.0698099999999995,1.913982857142857,21.575054285714284,3.270117142857143,2016-05-13
84,2016,21,10749,56527,5619256077.00,99408.354892,98.40625,105.40625,91.40625,99.61562799999999,763.40625,790.8625000000001,129.914,25.645161290322587,20.096774193548384,40.09677419354839,8.548387096774192,6.210315714285715,1.8039228571428574,20.823872857142856,3.2599714285714287,2016-05-20
85,2016,22,10065,112546,7991149905.00,71003.411094,98.1875,105.1875,91.1875,99.06875199999999,766.6875,792.875,131.368,26.322580645161285,20.548387096774185,40.548387096774185,8.774193548387098,6.30866857142857,1.9165871428571428,21.481905714285713,3.0551971428571427,2016-05-27
86,2016,23,8568,44845,3285732566.00,73268.649035,98.00625,105.00625,91.04624999999999,98.59962599999999,770.11425,794.7984999999999,132.32999999999998,26.91705069124423,20.91612903225806,41.087557603686626,8.972350230414746,5.967814285714286,2.156747142857143,21.44131571428571,2.9162542857142855,2016-06-03
87,2016,23,5377,82032,9967903364.00,121512.377657,98.00625,105.00625,91.04624999999999,98.59962599999999,770.11425,794.7984999999999,132.32999999999998,26.91705069124423,20.91612903225806,41.087557603686626,8.972350230414746,5.967814285714286,2.156747142857143,21.44131571428571,2.9162542857142855,2016-06-03
88,2016,24,9667,53570,4376058978.00,81688.612619,98.0,105.0,91.26666600000001,98.493334,774.22,796.3066660000001,132.3025,27.0,20.766666666666673,42.16666666666667,9.0,6.056018571428573,2.2805999999999997,22.809418571428573,3.2508642857142855,2016-06-10
89,2016,25,12651,69884,6125983856.00,87659.319100,98.0,105.0,91.49999999999999,98.4,778.35,797.8,129.962,27.0,20.533333333333328,43.33333333333333,9.0,6.6125757142857156,2.3758314285714284,22.146442857142855,3.5113185714285717,2016-06-17
90,2016,26,12355,133968,9404244901.00,70197.695725,98.0,105.0,91.733334,98.30666599999999,782.48,799.293334,128.098,27.0,20.299999999999994,44.5,9.0,6.494185714285714,2.2496357142857146,22.37047,3.387207142857143,2016-06-24
91,2016,27,3570,40128,1428743682.00,35604.657147,98.01379399999999,105.00689600000001,91.96689599999999,98.231862,786.6320000000001,800.8412420000001,127.482,27.0,20.0668202764977,45.63824884792627,8.995391705069125,6.829057142857144,2.2303814285714285,22.013222857142857,3.2472214285714287,2016-07-01
92,2016,27,10527,169894,16641760127.00,97953.783694,98.01379399999999,105.00689600000001,91.96689599999999,98.231862,786.6320000000001,800.8412420000001,127.482,27.0,20.0668202764977,45.63824884792627,8.995391705069125,6.829057142857144,2.2303814285714285,22.013222857142857,3.2472214285714287,2016-07-01
93,2016,28,11099,61217,5289738688.00,86409.636016,98.413792,105.206896,92.206896,98.67586,791.4,803.9172419999999,132.16,27.0,19.83870967741936,45.83870967741935,8.838709677419354,7.496198571428572,2.286585714285714,23.607695714285715,3.2682971428571435,2016-07-08
94,2016,29,11918,58271,5465388622.00,93792.600470,98.896552,105.44827599999999,92.44827599999999,99.231034,796.3,807.32069,136.95199999999997,27.0,19.612903225806445,45.61290322580645,8.61290322580645,7.1824,2.1715785714285714,23.51090285714286,3.1064557142857145,2016-07-15
95,2016,30,12662,98252,7081838282.00,72078.311708,99.37931200000001,105.68965599999999,92.689656,99.78621000000001,801.2,810.7241379999999,140.47400000000002,27.0,19.38709677419356,45.38709677419355,8.38709677419355,6.81734857142857,2.1895314285714287,24.01281714285714,3.205071428571429,2016-07-22
96,2016,31,11129,191161,14702551660.00,76911.878782,99.86206800000001,105.931034,92.931034,100.34137999999999,806.1,814.127586,141.838,27.0,19.161290322580644,45.16129032258065,8.161290322580644,6.851174285714285,2.1283871428571426,24.39088,3.044008571428571,2016-07-29
97,2016,32,11207,49849,4112182072.00,82492.769604,100.0,106.0,93.15151600000002,100.636364,806.39394,814.1303,142.868,27.0,19.004608294930872,45.00460829493087,8.07373271889401,7.1920271428571425,2.0032328571428573,23.82990142857143,3.284167142857143,2016-08-05
98,2016,32,1202,31771,1609576124.00,50661.802398,100.0,106.0,93.15151600000002,100.636364,806.39394,814.1303,142.868,27.0,19.004608294930872,45.00460829493087,8.07373271889401,7.1920271428571425,2.0032328571428573,23.82990142857143,3.284167142857143,2016-08-05
99,2016,33,11246,74318,6009316059.00,80859.496474,100.0,106.0,93.363636,100.827274,804.845456,812.77273,142.40800000000002,27.0,19.0,45.0,8.290322580645162,7.149095714285714,1.9928242857142855,23.802581428571425,3.182952857142857,2016-08-12
100,2016,34,10221,58668,4857678014.00,82799.447978,100.0,106.0,93.575758,101.01818399999999,803.29697,811.41515,140.7075,27.0,19.0,45.0,8.516129032258064,7.017698571428572,2.0740057142857142,25.647878571428574,3.23239,2016-08-19
101,2016,35,11775,90973,7469888774.00,82111.052444,100.0,106.0,93.78788,101.209092,801.748486,810.05758,140.22,27.0,19.0,45.0,8.741935483870968,7.768878571428572,2.085972857142857,27.045382857142858,3.292495714285714,2016-08-26
102,2016,36,8043,118752,11360886889.00,95669.015166,100.0,106.02000000000001,93.981818,101.381638,800.1227260000001,808.9083639999999,134.41,27.02857142857143,19.0,45.057142857142864,8.968202764976956,8.041302857142858,2.17548,27.936548571428574,3.4316985714285715,2016-09-02
103,2016,36,6784,35752,2766798812.00,77388.644327,100.0,106.02000000000001,93.981818,101.381638,800.1227260000001,808.9083639999999,134.41,27.02857142857143,19.0,45.057142857142864,8.968202764976956,8.041302857142858,2.17548,27.936548571428574,3.4316985714285715,2016-09-02
104,2016,37,12127,59694,5474774723.00,91713.986715,100.0,106.23333399999999,94.0,101.376666,797.75,809.773334,133.796,27.4,19.0,45.800000000000004,9.2,7.545114285714285,2.3362814285714286,26.047539999999998,3.53968,2016-09-09
105,2016,38,1316,15448,1351578868.00,87492.158726,100.0,106.46666599999999,94.0,101.35333399999999,795.3,810.846666,127.42,27.86666666666667,19.0,46.733333333333334,9.433333333333334,6.169205714285715,1.9449485714285717,23.377682857142855,3.19388,2016-09-16
106,2016,39,14678,109040,9193570658.00,84313.744112,100.0,106.7,94.0,101.33,792.85,811.9200000000001,131.66400000000002,28.333333333333325,19.0,47.66666666666667,9.666666666666668,8.04286285714286,2.21269,26.45344142857143,3.400215714285714,2016-09-23
107,2016,40,12925,191768,16548960150.00,86296.776052,100.0,106.93333399999999,94.0,101.306666,790.4,812.9933340000001,131.794,28.8,19.0,48.6,9.900000000000002,7.687698571428571,2.084672857142857,26.82734,3.1379385714285712,2016-09-30
108,2016,40,1999,2700,363344798.00,134572.147407,100.0,106.93333399999999,94.0,101.306666,790.4,812.9933340000001,131.794,28.8,19.0,48.6,9.900000000000002,7.687698571428571,2.084672857142857,26.82734,3.1379385714285712,2016-09-30
109,2016,41,11408,60025,4865989836.00,81066.053077,100.16129000000001,107.0,94.16129000000001,101.348388,789.796774,813.396774,131.51250000000002,29.0,19.258064516129043,49.25806451612904,10.258064516129028,7.496715714285714,2.0344542857142858,28.260232857142856,3.1988257142857144,2016-10-07
110,2016,42,12523,76096,6635603532.00,87200.424884,100.38709800000001,107.0,94.38709800000001,101.416128,789.932258,813.532258,128.76,29.0,19.709677419354843,49.70967741935484,10.709677419354843,7.1699142857142855,2.0505871428571427,25.918739999999996,3.2048100000000006,2016-10-14
111,2016,43,12768,88875,6851549024.00,77091.972140,100.612904,107.0,94.612904,101.48387199999999,790.067742,813.667742,127.30999999999999,29.0,20.16129032258064,50.16129032258065,11.16129032258064,6.9206457142857145,2.198638571428571,40.09205428571429,3.6429757142857144,2016-10-21
112,2016,44,11663,116110,10836235906.00,93327.326724,100.83871,107.0,94.83871,101.551614,790.2032280000001,813.803228,124.71,29.0,20.61290322580644,50.61290322580645,11.612903225806457,6.784304285714286,1.97357,50.6026057142857,5.634765714285714,2016-10-28
113,2016,45,3619,82994,10456723693.00,125993.730787,100.8,106.93333399999999,94.73333400000001,101.153334,792.0866659999999,814.3,118.52799999999999,28.9047619047619,21.019969278033784,50.87711213517664,12.067588325652844,7.108768571428571,1.7784228571428573,48.02746142857143,4.667882857142857,2016-11-04
114,2016,45,11088,70661,5850164498.00,82791.985649,100.8,106.93333399999999,94.73333400000001,101.153334,792.0866659999999,814.3,118.52799999999999,28.9047619047619,21.019969278033784,50.87711213517664,12.067588325652844,7.108768571428571,1.7784228571428573,48.02746142857143,4.667882857142857,2016-11-04
115,2016,46,12063,73460,7329222578.00,99771.611462,100.1,106.7,93.8,99.59,798.34,815.7,119.68400000000001,28.466666666666672,21.266666666666673,50.466666666666676,12.53333333333333,7.00625142857143,1.8588242857142858,53.143924285714284,3.7059442857142852,2016-11-11
116,2016,47,12976,87048,7502647498.00,86189.774584,99.4,106.466666,92.86666600000001,98.026666,804.5933340000001,817.1,122.24600000000001,28.000000000000004,21.5,50.00000000000001,13.0,7.308857142857143,2.0404385714285715,39.65154428571429,3.470205714285714,2016-11-18
117,2016,48,11625,136893,10136890674.00,74049.737196,98.7,106.23333399999999,91.933334,96.463334,810.8466660000001,818.5000000000001,118.772,27.533333333333328,21.73333333333333,49.533333333333324,13.46666666666667,7.464974285714286,2.13541,33.92960571428571,3.384084285714286,2016-11-25
118,2016,49,8328,130485,11543890260.00,88469.098057,98.06,105.96,91.06,95.0,816.1519999999999,819.492,117.92,27.1505376344086,21.980030721966216,49.23348694316437,13.904761904761902,7.696547142857142,2.156484285714286,33.95692857142858,3.2256257142857145,2016-12-02
119,2016,49,7474,41629,3689844446.00,88636.394004,98.06,105.96,91.06,95.0,816.1519999999999,819.492,117.92,27.1505376344086,21.980030721966216,49.23348694316437,13.904761904761902,7.696547142857142,2.156484285714286,33.95692857142858,3.2256257142857145,2016-12-02
120,2016,50,13177,86052,7349316704.00,85405.530423,98.0,105.3,90.766666,94.503334,812.2933340000001,816.54,116.27799999999999,27.774193548387103,22.38709677419356,50.93548387096773,14.0,7.783971428571428,2.0214471428571428,31.983871428571426,5.0199242857142865,2016-12-09
121,2016,51,12665,84311,8058580195.00,95581.599020,98.0,104.6,90.53333400000001,94.106666,807.486666,813.1800000000001,120.75999999999999,28.67741935483872,22.838709677419356,53.19354838709678,14.0,7.590908571428571,2.0937785714285715,36.537017142857145,4.345761428571428,2016-12-16
122,2016,52,13040,96886,9865316008.00,101823.958136,98.0,103.9,90.3,93.71000000000001,802.68,809.82,123.31000000000002,29.580645161290327,23.290322580645153,55.451612903225794,14.0,7.368182857142857,2.119537142857143,35.43717285714286,4.366575714285714,2016-12-23
123,2016,53,14199,162838,17750878886.00,109009.438128,98.0,103.2,90.06666600000001,93.313334,797.873334,806.46,124.22999999999999,30.483870967741925,23.741935483870957,57.70967741935484,14.0,7.24797142857143,2.28138,37.99592571428571,4.161284285714286,2016-12-30
124,2017,1,14967,85107,8711053784.00,102354.139894,98.0,103.15625,90.0,93.05937800000001,793.890628,804.453128,127.44200000000001,31.193548387096786,24.0,59.193548387096776,13.806451612903231,8.582249999999998,2.581642857142857,40.72978857142857,4.487827142857142,2017-01-01
125,2017,2,13149,98471,9891576786.00,100451.673954,98.0,103.375,90.0,92.86250199999999,790.237502,802.987502,127.056,31.645161290322587,24.0,59.64516129032258,13.354838709677413,8.754755714285713,3.0421871428571428,40.762572857142864,6.179872857142857,2017-01-08
126,2017,3,12398,122567,8485165141.00,69228.790302,98.0,103.59375,90.0,92.665628,786.584378,801.521878,125.622,32.09677419354839,24.0,60.09677419354839,12.903225806451616,9.082600000000001,2.540532857142857,38.29749142857143,4.802921428571429,2017-01-15
127,2017,4,7091,72865,8546834293.00,117296.840636,98.0,103.8125,90.0,92.468752,782.931252,800.056252,127.1825,32.548387096774185,24.0,60.548387096774185,12.451612903225799,7.956218571428573,2.515815714285714,37.63867857142857,4.145932857142857,2017-01-22
128,2017,5,4148,38404,5267984226.00,137172.800385,97.957144,103.99375,90.0,92.357054,779.522948,798.19902,129.87,32.883475971033555,24.09183673469389,60.85286372613562,12.024687294272542,10.213667142857144,3.209752857142857,45.53297571428572,4.901797142857143,2017-01-29
129,2017,5,12098,65454,6597685963.00,100798.819980,97.957144,103.99375,90.0,92.357054,779.522948,798.19902,129.87,32.883475971033555,24.09183673469389,60.85286372613562,12.024687294272542,10.213667142857144,3.209752857142857,45.53297571428572,4.901797142857143,2017-01-29
130,2017,6,15078,91551,8027342986.00,87681.652696,97.71428599999999,104.0,90.0,92.64285600000001,777.2571440000002,794.514286,128.656,32.5,24.75,60.25,11.75,9.704204285714285,2.8847714285714288,41.96883428571429,4.297887142857142,2017-02-05
131,2017,7,14940,99816,8610121971.00,86259.937995,97.46428599999999,104.0,90.0,92.94285599999999,775.032144,790.764286,129.232,32.000000000000014,25.5,59.5,11.5,10.468917142857142,2.7786100000000005,41.89181571428571,4.110805714285715,2017-02-12
132,2017,8,13038,129365,11016239257.00,85156.257542,97.21428599999999,104.0,90.0,93.242856,772.807144,787.014286,132.502,31.5,26.25,58.75,11.25,10.571172857142857,2.9035042857142854,42.12625142857143,4.0436757142857145,2017-02-19
133,2017,9,9966,49205,5404945126.00,109845.445097,97.045852,104.0,90.07742,93.58820399999999,771.865508,784.1935940000001,130.33999999999997,31.03357472021065,26.7975641869651,57.787689269256084,11.002962475312714,10.357814285714285,2.7198085714285716,41.60482285714286,3.8755885714285716,2017-02-26
134,2017,9,6226,91433,8722001433.00,95392.270110,97.045852,104.0,90.07742,93.58820399999999,771.865508,784.1935940000001,130.33999999999997,31.03357472021065,26.7975641869651,57.787689269256084,11.002962475312714,10.357814285714285,2.7198085714285716,41.60482285714286,3.8755885714285716,2017-02-26
135,2017,10,15119,85844,8866218525.00,103282.914647,97.258066,104.0,90.51613,94.145162,776.912904,785.70968,132.394,30.7741935483871,26.096774193548384,55.51612903225806,10.774193548387101,10.344805714285712,2.7648200000000003,36.56693857142857,3.8061185714285712,2017-03-05
136,2017,11,14816,98394,8620339681.00,87610.420157,97.48387199999999,104.0,90.967742,94.709678,782.1741939999999,787.3806500000001,135.51600000000002,30.548387096774185,25.193548387096772,53.03225806451614,10.548387096774201,10.028407142857144,2.746345714285714,35.98124,3.8178285714285716,2017-03-12
137,2017,12,13878,113485,10564584872.00,93092.345878,97.70967800000001,104.0,91.41935599999998,95.274192,787.435484,789.0516100000001,136.776,30.3225806451613,24.290322580645157,50.54838709677419,10.322580645161285,10.145237142857143,2.6308214285714286,32.33305428571428,3.8217328571428566,2017-03-19
138,2017,13,13294,180056,14859213179.00,82525.509724,97.935484,104.0,91.87096799999999,95.838712,792.696774,790.72258,137.99200000000002,30.096774193548384,23.387096774193555,48.064516129032256,10.096774193548384,9.716955714285715,2.381295714285714,29.757389999999997,3.6052499999999994,2017-03-26
139,2017,13,2792,3715,539820313.00,145308.294212,97.935484,104.0,91.87096799999999,95.838712,792.696774,790.72258,137.99200000000002,30.096774193548384,23.387096774193555,48.064516129032256,10.096774193548384,9.716955714285715,2.381295714285714,29.757389999999997,3.6052499999999994,2017-03-26
140,2017,14,14189,102949,7709611876.00,74887.681045,98.178572,104.357142,92.178572,96.839286,792.5214279999999,788.967858,140.156,29.733333333333327,22.46666666666667,46.466666666666676,9.866666666666665,9.245222857142858,2.164552857142857,26.40868714285714,3.1100985714285714,2017-04-02
141,2017,15,13318,87371,8337673492.00,95428.385757,98.428572,104.857142,92.428572,98.014286,790.1714279999999,785.842858,139.116,29.26666666666667,21.53333333333333,45.53333333333332,9.633333333333335,9.279048571428572,2.144258571428572,24.235542857142857,2.9701142857142857,2017-04-09
142,2017,16,13463,142042,9720975077.00,68437.328937,98.678572,105.357142,92.678572,99.18928600000001,787.821428,782.717858,140.696,28.8,20.599999999999998,44.6,9.4,9.407585714285714,2.140092857142857,23.43778857142857,2.7788714285714287,2017-04-16
143,2017,17,12389,120016,16104530863.00,134186.532320,98.928572,105.857142,92.928572,100.364286,785.4714280000001,779.592858,139.96599999999998,28.333333333333325,19.666666666666675,43.66666666666667,9.166666666666668,8.824228571428572,1.9233528571428573,22.25104,2.712,2017-04-23
144,2017,18,638,13265,1590803199.00,119924.854805,99.454548,106.0,93.454548,101.79091000000001,784.6181839999999,778.548486,139.66,27.871274961597543,19.157296466973886,43.15729646697388,8.93563748079877,8.08892,1.7968971428571427,22.496404285714284,2.3474685714285717,2017-04-30
145,2017,18,5803,25169,2448473880.00,97281.333386,99.454548,106.0,93.454548,101.79091000000001,784.6181839999999,778.548486,139.66,27.871274961597543,19.157296466973886,43.15729646697388,8.93563748079877,8.08892,1.7968971428571427,22.496404285714284,2.3474685714285717,2017-04-30
146,2017,19,12479,68512,6840291810.00,99840.784242,100.09091000000001,106.0,94.09091000000001,103.31818200000001,784.3636359999999,778.336364,142.6,27.419354838709673,19.58064516129033,43.58064516129033,8.709677419354838,8.82423,1.923352857142857,23.345679999999998,2.6542385714285714,2017-05-07
147,2017,20,14147,94137,9099281771.00,96659.993105,100.727272,106.0,94.727272,104.84545600000001,784.1090919999999,778.1242439999999,141.526,26.967741935483872,20.032258064516128,44.032258064516135,8.483870967741936,8.469582857142855,2.0370585714285716,23.55904,2.8644757142857147,2017-05-14
148,2017,21,12837,126371,10896758290.00,86228.314170,101.36363999999999,106.0,95.36363999999999,106.37272800000001,783.8545460000001,777.912122,143.922,26.51612903225807,20.48387096774193,44.483870967741936,8.258064516129032,8.55935,2.018582857142857,22.78184,2.717725714285714,2017-05-21
149,2017,22,7013,40886,3076549428.00,75247.014332,101.965454,106.06000000000002,95.945454,107.835092,783.6838180000001,777.832182,146.04000000000002,26.120737327188944,20.9221198156682,44.964976958525334,8.060368663594472,8.576782857142856,2.0191042857142856,26.88250142857143,2.73724,2017-05-28
150,2017,22,8503,131399,11330513427.00,86229.829960,101.965454,106.06000000000002,95.945454,107.835092,783.6838180000001,777.832182,146.04000000000002,26.120737327188944,20.9221198156682,44.964976958525334,8.060368663594472,8.576782857142856,2.0191042857142856,26.88250142857143,2.73724,2017-05-28
151,2017,23,12247,67449,5860149942.00,86882.680869,102.233334,106.7,96.0,108.67,784.323334,779.03,149.205,26.4,21.200000000000006,45.800000000000004,8.2,8.452934285714287,2.16169,24.735897142857144,2.8069714285714285,2017-06-04
152,2017,24,13223,71518,7425442508.00,103826.204703,102.46666599999999,107.4,96.0,109.44000000000001,785.046666,780.36,151.924,26.86666666666667,21.43333333333333,46.733333333333334,8.433333333333334,8.685024285714286,2.219712857142857,23.35322285714286,2.9391514285714284,2017-06-11
153,2017,25,12884,114326,9718419988.00,85006.210205,102.7,108.1,96.0,110.21,785.77,781.69,158.414,27.333333333333325,21.666666666666675,47.66666666666667,8.666666666666668,8.34469,2.10913,23.06388714285714,3.106977142857143,2017-06-18
154,2017,26,2584,5933,2027152338.00,341674.083600,102.93333399999999,108.8,96.0,110.98000000000002,786.493334,783.02,162.348,27.8,21.900000000000002,48.6,8.9,8.523704285714285,2.180684285714286,23.57491142857143,3.2904128571428575,2017-06-25
155,2017,26,12887,139444,14563312118.00,104438.427741,102.93333399999999,108.8,96.0,110.98000000000002,786.493334,783.02,162.348,27.8,21.900000000000002,48.6,8.9,8.523704285714285,2.180684285714286,23.57491142857143,3.2904128571428575,2017-06-25
156,2017,27,13291,131779,8393275367.00,63692.055388,103.0,108.83870999999999,96.16129000000001,111.21612999999999,783.9580659999999,783.5290339999999,157.196,28.0,21.741935483870957,49.516129032258064,9.0,9.166904285714285,2.2348057142857143,24.92479857142857,3.252167142857143,2017-07-02
157,2017,28,13698,79144,10274480196.00,129820.077276,103.0,108.612904,96.38709800000001,111.23871,780.1193559999999,783.7096779999999,157.238,28.0,21.290322580645157,50.41935483870967,9.0,8.746951428571428,2.2537985714285713,25.70486,3.1285742857142855,2017-07-09
158,2017,29,14579,126456,10312909914.00,81553.345938,103.0,108.387098,96.612904,111.261292,776.2806459999999,783.8903240000001,161.89000000000001,28.0,20.83870967741936,51.32258064516129,9.0,8.403755714285715,2.14868,26.31137571428571,3.0986514285714284,2017-07-16
159,2017,30,12476,97735,12799453753.00,130960.799641,103.0,108.16129000000001,96.83871,111.283872,772.4419359999999,784.070968,158.81,28.0,20.38709677419356,52.225806451612904,9.0,8.501845714285714,2.2904857142857145,26.72326285714286,3.1054157142857144,2017-07-23
160,2017,31,10927,62110,6141442899.00,98880.098196,103.0,108.064516,96.935484,111.21612999999999,771.25484,785.0129039999999,152.478,28.18433179723503,20.16589861751154,52.806451612903224,9.046082949308756,8.295252857142858,2.209565714285714,25.70356142857143,3.154071428571428,2017-07-30
161,2017,31,1251,18468,3462616147.00,187492.752165,103.0,108.064516,96.935484,111.21612999999999,771.25484,785.0129039999999,152.478,28.18433179723503,20.16589861751154,52.806451612903224,9.046082949308756,8.295252857142858,2.209565714285714,25.70356142857143,3.154071428571428,2017-07-30
162,2017,32,13174,86681,9767121723.00,112678.922981,103.0,108.29032400000001,96.70967800000001,110.922582,776.696774,787.858066,152.17000000000002,29.03225806451613,20.7741935483871,52.225806451612904,9.25806451612903,9.070372857142857,2.365944285714286,26.15473857142857,3.0918857142857137,2017-08-06
163,2017,33,11014,82478,6940139407.00,84145.340660,103.0,108.51613,96.483872,110.62903200000001,782.1387100000001,790.703226,153.8675,29.935483870967744,21.4516129032258,51.5483870967742,9.483870967741936,9.050597142857143,2.5033242857142852,27.31104142857143,3.2006457142857143,2017-08-13
164,2017,34,13637,111138,9385992194.00,84453.492000,103.0,108.74193600000001,96.258066,110.335484,787.5806479999999,793.5483879999999,157.44599999999997,30.83870967741936,22.129032258064512,50.87096774193549,9.709677419354842,9.44089,2.6495557142857145,28.90317285714286,3.374198571428572,2017-08-20
165,2017,35,11572,110640,11106943425.00,100388.136523,103.0,108.947496,96.03871000000001,110.033772,792.7850279999999,796.341226,160.012,31.709216589861743,22.78310291858677,50.20261136712752,9.930875576036865,9.005064285714287,2.766381428571428,27.25614142857143,3.08434,2017-08-27
166,2017,35,4629,27406,2307314194.00,84190.111435,103.0,108.947496,96.03871000000001,110.033772,792.7850279999999,796.341226,160.012,31.709216589861743,22.78310291858677,50.20261136712752,9.930875576036865,9.005064285714287,2.766381428571428,27.25614142857143,3.08434,2017-08-27
167,2017,36,13689,104456,9626430248.00,92157.753006,103.0,108.58620799999998,96.0,109.50345,791.337932,797.668966,159.738,31.5,22.666666666666675,49.83333333333333,10.0,8.642614285714284,2.7218899999999997,27.17522142857143,3.2167785714285713,2017-09-03
168,2017,37,15233,83499,9184673413.00,109997.406112,103.0,108.103448,96.0,108.92414000000001,788.465518,798.6827579999999,164.974,30.8,22.2,49.6,10.0,8.867158571428572,2.7450442857142856,26.574692857142857,3.2219828571428573,2017-09-10
169,2017,38,14449,104570,9866866244.00,94356.567313,103.0,107.62069000000001,96.0,108.34483,785.593102,799.696552,162.0,30.1,21.733333333333327,49.366666666666674,10.0,8.074868571428572,2.55979,23.740914285714286,3.2779257142857143,2017-09-17
170,2017,39,12308,147479,16322499388.00,110676.770170,103.0,107.137932,96.0,107.765518,782.72069,800.7103460000001,153.272,29.4,21.266666666666673,49.13333333333333,10.0,7.470955714285714,2.3370628571428576,21.494915714285714,2.835591428571429,2017-09-24
171,2017,40,1518,9511,960754181.00,101015.054252,103.15625,107.15625,96.0,107.85,781.9,801.625,,29.29032258064517,21.483870967741925,49.0967741935484,10.096774193548384,6.1975671428571415,2.545997142857143,21.900560000000002,2.458572857142857,2017-10-01
172,2017,41,14992,106973,9892340790.00,92475.117926,103.375,107.375,96.0,108.2,781.9,802.5,156.3825,29.967741935483872,22.612903225806445,49.3225806451613,10.322580645161285,8.781818571428571,3.1907585714285713,24.306055714285712,3.8753300000000004,2017-10-08
173,2017,42,15936,106069,10152413829.00,95715.183786,103.59375,107.59375,96.0,108.55,781.9,803.375,151.21800000000002,30.645161290322587,23.74193548387097,49.54838709677419,10.548387096774201,8.093342857142858,3.1423642857142857,22.524244285714285,2.744265714285714,2017-10-15
174,2017,43,14201,140429,12727997067.00,90636.528544,103.8125,107.8125,96.0,108.9,781.9,804.25,156.014,31.322580645161285,24.870967741935488,49.774193548387096,10.774193548387101,8.458135714285714,3.027878571428572,23.21167857142857,3.0112271428571433,2017-10-22
175,2017,44,6153,80479,8326684372.00,103464.063569,103.99375,108.03374999999998,96.03999999999999,109.31800000000001,781.788,805.059,158.52599999999998,32.11705069124423,25.83317972350232,50.14377880184332,10.915207373271885,8.626479999999999,3.0414085714285717,23.753921428571427,2.8923157142857145,2017-10-29
176,2017,44,13396,59345,5234187429.00,88199.299502,103.99375,108.03374999999998,96.03999999999999,109.31800000000001,781.788,805.059,158.52599999999998,32.11705069124423,25.83317972350232,50.14377880184332,10.915207373271885,8.626479999999999,3.0414085714285717,23.753921428571427,2.8923157142857145,2017-10-29
177,2017,45,15181,78362,8645908219.00,110332.919259,104.0,108.26666600000001,96.26666600000001,110.05333399999999,781.153334,805.5600000000001,159.952,33.633333333333326,25.76666666666667,51.4,10.533333333333328,8.971498571428572,2.742704285714286,24.61282714285714,3.122848571428572,2017-11-05
178,2017,46,17951,102856,9762129119.00,94910.643219,104.0,108.5,96.49999999999999,110.8,780.5,806.05,163.85999999999999,35.26666666666667,25.53333333333333,52.8,10.066666666666672,8.687625714285714,2.7127828571428574,24.160348571428568,2.960225714285715,2017-11-12
179,2017,47,14562,98537,9702663875.00,98467.214092,104.0,108.73333399999999,96.733334,111.546666,779.846666,806.54,171.23,36.9,25.299999999999994,54.2,9.6,8.969935714285715,2.948517142857143,26.053001428571427,3.0120085714285714,2017-11-19
180,2017,48,5204,22684,3383846316.00,149173.263798,104.0,108.96,96.96,112.26234400000001,779.260276,807.07738,169.962,38.49078341013824,25.13594470046083,55.603686635944705,9.147465437788018,9.064127142857142,2.8007271428571423,26.510944285714288,3.448351428571429,2017-11-26
181,2017,48,13051,162396,14723257478.00,90662.685521,104.0,108.96,96.96,112.26234400000001,779.260276,807.07738,169.962,38.49078341013824,25.13594470046083,55.603686635944705,9.147465437788018,9.064127142857142,2.8007271428571423,26.510944285714288,3.448351428571429,2017-11-26
182,2017,49,15944,96914,9347168547.00,96448.073002,104.0,109.0,97.0,112.110346,780.548278,808.94138,166.926,38.677419354838705,27.258064516129,57.1290322580645,9.161290322580644,9.275405714285712,2.915472857142857,27.089095714285715,3.150165714285714,2017-12-03
183,2017,50,16137,116573,10787443414.00,92538.095562,104.0,109.0,97.0,111.77241399999998,782.23793,811.089656,167.18800000000002,38.225806451612904,30.4193548387097,58.70967741935481,9.38709677419355,9.263177142857142,2.9391514285714284,26.708951428571428,3.2943157142857147,2017-12-10
184,2017,51,15918,122036,13974552213.00,114511.719599,104.0,109.0,97.0,111.434482,783.92759,813.23793,166.57599999999996,37.774193548387096,33.5806451612903,60.29032258064519,9.61290322580645,8.83723857142857,2.9081885714285716,27.162731428571426,3.146007142857143,2017-12-17
185,2017,52,13409,150510,17460015064.00,116005.681110,104.0,109.0,97.0,111.096552,785.61724,815.386206,166.27,37.322580645161295,36.741935483870996,61.870967741935495,9.838709677419356,8.599421428571429,2.962307142857143,31.06798857142857,3.1748871428571426,2017-12-24
186,2017,53,698,11419,2071068124.00,181370.358525,,,,,,,,37.0645161290323,38.5483870967742,62.7741935483871,9.96774193548387,7.63514,2.85042,31.40026,3.11452,2017-12-31
187,2018,1,15431,111808,9594016619.00,85807.962033,104.15151600000002,109.0,97.0,110.89394,786.539394,815.5454560000001,172.33999999999997,37.403225806451594,38.032258064516135,63.48387096774195,10.16129032258065,9.828666666666665,4.449276666666667,35.78943333333334,3.630573333333333,2018-01-01
188,2018,2,16425,95057,11197442440.00,117797.136875,104.363636,109.0,97.0,110.74545599999999,787.154546,814.90909,173.094,38.4516129032258,35.51612903225807,64.74193548387095,10.580645161290315,10.225635714285714,4.071778571428572,35.08070571428571,3.59432,2018-01-08
189,2018,3,16160,128788,11892763336.00,92343.722520,104.575758,109.0,97.0,110.59697000000001,787.7697,814.27273,171.188,39.58064516129033,32.806451612903224,66.09677419354838,11.032258064516128,10.054167142857143,3.532654285714286,34.43308428571428,3.536558571428571,2018-01-15
190,2018,4,13927,115334,12088454841.00,104812.586409,104.78788,109.0,97.0,110.448486,788.38485,813.6363640000001,170.16000000000003,40.70967741935484,30.096774193548374,67.45161290322581,11.483870967741945,10.460852857142857,3.5459242857142854,34.589462857142856,3.615915714285714,2018-01-22
191,2018,5,9029,61717,8468471611.00,137214.569907,104.93896,108.97857200000001,97.0,110.27201199999999,789.2236999999999,813.618118,173.946,41.69305464121135,27.537689269256084,68.67758393680052,11.907834101382488,10.28678142857143,3.696317142857143,35.30109142857143,3.583915714285714,2018-01-29
192,2018,5,8706,53835,5706949183.00,106008.157945,104.93896,108.97857200000001,97.0,110.27201199999999,789.2236999999999,813.618118,173.946,41.69305464121135,27.537689269256084,68.67758393680052,11.907834101382488,10.28678142857143,3.696317142857143,35.30109142857143,3.583915714285714,2018-01-29
193,2018,6,16413,112108,11660996946.00,104015.743265,104.5,108.75,97.0,109.825,792.225,819.575,161.67000000000002,40.92857142857144,26.78571428571428,68.35714285714286,12.0,10.227977142857142,3.5433242857142853,34.307410000000004,3.671597142857143,2018-02-05
194,2018,7,5396,41857,4827832871.00,115341.110710,104.0,108.5,97.0,109.35,795.45,826.15,161.49,39.67857142857144,26.53571428571428,67.60714285714286,12.0,9.047215714285715,3.5136614285714285,35.70231285714286,3.603687142857143,2018-02-12
195,2018,8,18375,126412,14794126462.00,117031.029190,103.5,108.25,97.0,108.875,798.675,832.725,167.074,38.42857142857142,26.28571428571428,66.85714285714286,12.0,12.05584285714286,4.068655714285714,40.48182285714286,4.075158571428572,2018-02-19
196,2018,9,10428,116812,12146454508.00,103982.934184,103.042858,108.02142800000001,96.98,108.438714,801.787572,838.522428,164.30749999999998,37.18597761685319,26.009545753785382,66.00098749177091,11.958525345622116,12.095132857142858,3.3468742857142857,38.53973142857143,4.030667142857143,2018-02-26
197,2018,9,7800,30702,3501184885.00,114037.681095,103.042858,108.02142800000001,96.98,108.438714,801.787572,838.522428,164.30749999999998,37.18597761685319,26.009545753785382,66.00098749177091,11.958525345622116,12.095132857142858,3.3468742857142857,38.53973142857143,4.030667142857143,2018-02-26
198,2018,10,17770,108954,11684825297.00,107245.491647,103.0,108.0,96.766666,108.376666,803.813334,836.803334,161.164,36.03225806451613,25.41935483870967,63.87096774193547,11.419354838709685,11.391307142857144,3.2404557142857144,35.65521857142858,3.8573799999999996,2018-03-05
199,2018,11,16564,122757,10413107230.00,84826.993409,103.0,108.0,96.53333400000001,108.35333399999999,805.726666,834.3066659999998,168.42000000000002,34.90322580645163,24.74193548387097,61.38709677419355,10.741935483870972,11.067885714285714,3.500130000000001,32.14935714285714,3.542802857142857,2018-03-12
200,2018,12,15200,98823,10437747306.00,105620.627849,103.0,108.0,96.3,108.33,807.64,831.8100000000001,165.38,33.77419354838709,24.06451612903226,58.90322580645162,10.064516129032251,10.721045714285712,3.336467142857143,29.728767142857144,3.5183442857142855,2018-03-19
201,2018,13,16997,154482,17552771230.00,113623.407452,103.0,108.0,96.06666600000001,108.30666599999999,809.553334,829.313334,164.782,32.64516129032257,23.387096774193555,56.41935483870967,9.387096774193548,10.31228,2.8636928571428575,26.499755714285715,3.5641385714285714,2018-03-26
202,2018,14,17462,98952,9935674392.00,100409.030560,102.83870999999999,107.83870999999999,95.83870999999999,108.13871000000002,810.858066,830.3419360000001,162.552,31.900000000000002,23.0,54.800000000000004,9.0,10.23135857142857,2.845484285714286,25.83808,3.736907142857143,2018-04-02
203,2018,15,15293,104482,8742361739.00,83673.376648,102.612904,107.612904,95.61290399999999,107.91290399999998,811.9193560000001,832.7806459999999,167.598,31.666666666666668,23.0,54.33333333333332,9.0,9.84419,3.01955,25.958290000000005,3.183212857142857,2018-04-09
204,2018,16,14256,118473,9975021369.00,84196.579549,102.387098,107.387098,95.387098,107.68709799999999,812.980646,835.219356,179.964,31.43333333333333,23.0,53.86666666666667,9.0,9.463527142857144,2.8733228571428566,24.65836,3.1938814285714288,2018-04-16
205,2018,17,13719,105012,14777222584.00,140719.370967,102.16129,107.16129000000001,95.16129,107.46129,814.041936,837.658066,174.786,31.2,23.0,53.4,9.0,9.156757142857142,2.81478,22.99259571428572,3.1101014285714284,2018-04-23
206,2018,18,11296,62875,6233707268.00,99144.449590,101.935484,107.064516,95.0,107.35806599999998,816.1096799999999,839.2903220000001,172.51500000000001,31.06036866359447,23.0,52.98248847926266,9.046082949308756,9.255111428571428,2.57722,21.692145714285715,2.976098571428572,2018-04-30
207,2018,18,3837,35654,4759226286.00,133483.656420,101.935484,107.064516,95.0,107.35806599999998,816.1096799999999,839.2903220000001,172.51500000000001,31.06036866359447,23.0,52.98248847926266,9.046082949308756,9.255111428571428,2.57722,21.692145714285715,2.976098571428572,2018-04-30
208,2018,19,11977,118221,8860328229.00,74947.160225,101.70967800000001,107.29032400000001,95.0,107.56129200000001,820.69355,838.9064500000001,173.685,31.258064516129032,23.0,52.741935483870975,9.25806451612903,9.14660857142857,2.62848,22.538294285714283,2.7028957142857144,2018-05-07
209,2018,20,13428,76906,10465266768.00,136078.677450,101.483872,107.51613,95.0,107.764516,825.27742,838.5225800000001,173.026,31.483870967741947,23.0,52.51612903225806,9.483870967741936,9.442189999999998,2.7642999999999995,22.280442857142855,2.6867628571428575,2018-05-14
210,2018,21,11791,71040,6423125427.00,90415.616934,101.258066,107.74193600000001,95.0,107.967742,829.86129,838.13871,175.8425,31.70967741935483,23.0,52.290322580645174,9.709677419354842,8.776612857142856,2.5925728571428572,20.111464285714284,2.6035,2018-05-21
211,2018,22,11928,126958,13962405460.00,109976.570676,101.03871000000001,107.95439400000001,95.0,108.147232,834.274882,837.8464979999999,178.168,31.940399385560685,23.0,52.09769585253456,9.92611367127496,9.204111428571428,2.627437142857143,22.188594285714284,2.7983857142857147,2018-05-28
212,2018,22,4473,38572,3324986761.00,86202.083402,101.03871000000001,107.95439400000001,95.0,108.147232,834.274882,837.8464979999999,178.168,31.940399385560685,23.0,52.09769585253456,9.92611367127496,9.204111428571428,2.627437142857143,22.188594285714284,2.7983857142857147,2018-05-28
213,2018,23,11692,66263,8484336099.00,128040.325656,101.0,107.793104,95.0,107.662068,833.9206899999999,840.12069,185.0725,32.33333333333333,23.0,53.0,9.833333333333332,8.777652857142858,2.595175714285714,21.44964142857143,2.6753142857142858,2018-06-04
214,2018,24,11993,85205,8838538802.00,103732.630737,101.0,107.55172400000001,95.0,107.034482,832.544828,842.944828,184.14000000000001,32.800000000000004,23.0,54.4,9.599999999999998,8.725354285714285,2.6222357142857144,21.350770000000004,2.9102714285714284,2018-06-11
215,2018,25,14047,120082,10680457870.00,88943.037840,101.0,107.31034600000001,95.0,106.406898,831.168966,845.768966,177.268,33.26666666666667,23.0,55.8,9.366666666666665,8.674095714285714,2.5043657142857145,20.518405714285713,2.6773942857142856,2018-06-18
216,2018,26,14679,146238,14372147624.00,98279.158795,101.0,107.068966,95.0,105.779312,829.793104,848.5931039999999,176.12999999999997,33.733333333333334,23.0,57.2,9.133333333333335,8.79586857142857,2.5093099999999997,21.52483857142857,2.6243157142857143,2018-06-25
217,2018,27,15677,85807,9261605210.00,107935.310755,100.6875,106.6875,94.6875,104.86562799999999,830.7125,849.7125,170.824,34.096774193548384,23.29032258064517,58.0,9.0,9.855377142857142,2.819721428571429,23.393295714285717,2.721368571428571,2018-07-02
218,2018,28,13563,120893,8660291304.00,71636.002944,100.25,106.25,94.25,103.837502,832.55,850.15,179.73,34.3225806451613,23.967741935483872,58.0,9.0,9.357107142857144,3.070551428571428,26.34546142857143,2.6063642857142857,2018-07-09
219,2018,29,13479,115892,9733437491.00,83987.138810,99.8125,105.8125,93.8125,102.809378,834.3875,850.5875,181.69199999999998,34.548387096774185,24.645161290322587,58.0,9.0,9.287634285714287,2.611305714285714,23.75132142857143,2.704974285714286,2018-07-16
220,2018,30,12878,99391,13054188393.00,131341.755219,99.375,105.375,93.375,101.78125200000001,836.225,851.025,179.048,34.774193548387096,25.322580645161285,58.0,9.0,8.768805714285714,2.1765214285714287,23.36467285714286,2.5020242857142856,2018-07-23
221,2018,31,4803,25311,3540411505.00,139876.397811,98.97379,105.05121000000001,93.05121,100.855828,838.8468560000001,851.0739520000001,181.402,34.91705069124423,25.91705069124423,58.0,9.0,8.745128571428571,2.1707971428571424,22.971,2.544437142857143,2018-07-30
222,2018,31,5547,50269,6871992709.00,136704.384590,98.97379,105.05121000000001,93.05121,100.855828,838.8468560000001,851.0739520000001,181.402,34.91705069124423,25.91705069124423,58.0,9.0,8.745128571428571,2.1707971428571424,22.971,2.544437142857143,2018-07-30
223,2018,32,15572,92547,9384902664.00,101406.881519,98.741936,105.25806599999999,93.258066,100.40968,845.1290300000001,849.30968,178.388,34.548387096774185,26.0,58.0,9.0,9.71123,6.811625714285715,24.116894285714285,2.7070585714285715,2018-08-06
224,2018,33,11780,64431,7399784573.00,114848.203085,98.51613,105.48387199999999,93.48387199999999,99.98065,851.541938,847.4806500000001,170.57500000000002,34.09677419354839,26.0,58.0,9.0,9.580871428571427,2.258482857142857,24.596172857142854,2.68416,2018-08-13
225,2018,34,13341,117617,10605686686.00,90171.375617,98.29032400000001,105.70967800000001,93.70967800000001,99.55161,857.95484,845.6516099999999,174.392,33.645161290322584,26.0,58.0,9.0,10.175938571428572,2.567072857142857,25.45117428571428,2.7929228571428575,2018-08-20
226,2018,35,2058,3327,829710079.00,249386.858731,98.064516,105.935484,93.935484,99.12258,864.36774,843.82258,182.74200000000002,33.19354838709678,26.0,58.0,9.0,10.554261428571428,2.5803428571428566,24.87510142857143,2.6037628571428573,2018-08-27
227,2018,35,14116,136306,15880468540.00,116506.012501,98.064516,105.935484,93.935484,99.12258,864.36774,843.82258,182.74200000000002,33.19354838709678,26.0,58.0,9.0,10.554261428571428,2.5803428571428566,24.87510142857143,2.6037628571428573,2018-08-27
228,2018,36,13615,118481,15637350374.00,131981.924308,98.535714,106.892858,94.357142,99.196428,864.092858,844.817858,184.982,32.73333333333333,25.866666666666674,57.33333333333333,8.866666666666665,10.361197142857145,2.9172942857142865,25.717351428571426,2.758575714285714,2018-09-03
229,2018,37,14383,113594,13309487033.00,117167.165809,99.285714,108.142858,94.857142,99.471428,861.1428579999999,846.942858,179.714,32.266666666666666,25.633333333333326,56.16666666666667,8.633333333333335,9.167164285714284,3.4257128571428574,25.552907142857144,2.8491242857142858,2018-09-10
230,2018,38,11151,131883,13182584798.00,99956.664604,100.035714,109.392858,95.357142,99.74642800000001,858.1928580000001,849.067858,178.202,31.8,25.400000000000002,55.0,8.4,8.367587142857143,2.795522857142857,23.115927142857142,2.7453057142857142,2018-09-17
231,2018,39,6950,81537,10762110345.00,131990.511608,100.785714,110.642858,95.857142,100.02142800000001,855.242858,851.192858,176.175,31.333333333333325,25.166666666666668,53.83333333333333,8.166666666666668,7.9502371428571434,2.634462857142857,23.313674285714285,2.6305614285714287,2018-09-24
232,2018,40,14392,124347,10678489445.00,85876.534576,100.69697,111.0,96.0,99.978788,855.718184,852.0878799999998,171.28750000000002,31.286021505376358,25.073886328725028,53.3694316436252,8.07388632872504,8.959529999999999,2.863175714285714,23.462242857142854,2.766644285714286,2018-10-01
233,2018,40,970,24975,2936864008.00,117592.152472,100.69697,111.0,96.0,99.978788,855.718184,852.0878799999998,171.28750000000002,31.286021505376358,25.073886328725028,53.3694316436252,8.07388632872504,8.959529999999999,2.863175714285714,23.462242857142854,2.766644285714286,2018-10-01
234,2018,41,12549,104480,11276165456.00,107926.545329,100.272728,111.0,96.0,99.80909199999999,857.5636359999999,852.4909100000001,159.78500000000003,32.16129032258065,25.29032258064517,54.4516129032258,8.290322580645162,8.853629999999999,2.753114285714286,22.736302857142853,2.7166857142857146,2018-10-08
235,2018,42,13530,106282,10373016264.00,97598.993846,99.84848600000001,111.0,96.0,99.639394,859.4090919999999,852.8939399999999,162.21800000000002,33.064516129032256,25.51612903225806,55.58064516129033,8.516129032258064,8.887977142857142,2.8941371428571427,22.162314285714285,2.687021428571429,2018-10-15
236,2018,43,13117,105535,12142155977.00,115053.356488,99.424244,111.0,96.0,99.469698,861.2545459999999,853.29697,154.272,33.96774193548388,25.74193548387097,56.70967741935484,8.741935483870968,9.119029999999999,2.757532857142857,23.57361,2.8806085714285716,2018-10-22
237,2018,44,9097,151711,11005279736.00,72541.079658,98.996364,110.93999999999998,95.98,99.242546,863.0098180000001,853.4014540000001,148.04000000000002,34.80138248847926,25.939631336405533,57.826728110599085,8.953917050691242,9.325102857142857,2.6818199999999996,26.22915142857143,3.0512957142857147,2018-10-29
238,2018,44,8417,42986,4496963452.00,104614.605964,98.996364,110.93999999999998,95.98,99.242546,863.0098180000001,853.4014540000001,148.04000000000002,34.80138248847926,25.939631336405533,57.826728110599085,8.953917050691242,9.325102857142857,2.6818199999999996,26.22915142857143,3.0512957142857147,2018-10-29
239,2018,45,20496,105946,11048825990.00,104287.334963,98.533334,110.3,95.766666,98.46000000000001,863.893334,850.6199999999999,154.02,34.800000000000004,25.799999999999994,58.800000000000004,9.0,9.94618857142857,2.7559742857142857,26.040252857142857,3.069508571428571,2018-11-05
240,2018,46,20674,111514,12301030361.00,110309.291757,98.066666,109.6,95.53333400000001,97.62,864.6866660000002,847.54,148.38400000000001,34.56666666666667,25.56666666666667,59.733333333333334,9.0,9.966742857142858,2.7739271428571435,25.172764285714287,3.040364285714286,2018-11-12
241,2018,47,16445,112394,10683742304.00,95056.162286,97.6,108.9,95.3,96.78,865.4799999999999,844.46,146.154,34.33333333333333,25.333333333333325,60.66666666666667,9.0,10.518872857142858,2.785377142857143,26.03244571428571,3.1067171428571427,2018-11-19
242,2018,48,18442,208508,20623723142.00,98910.944146,97.133334,108.2,95.06666600000001,95.94,866.2733339999999,841.3799999999999,148.716,34.1,25.099999999999998,61.60000000000001,9.0,9.534818571428572,2.7041971428571427,24.904764285714286,3.151471428571429,2018-11-26
243,2018,48,2826,5666,1222476024.00,215756.446170,97.133334,108.2,95.06666600000001,95.94,866.2733339999999,841.3799999999999,148.716,34.1,25.099999999999998,61.60000000000001,9.0,9.534818571428572,2.7041971428571427,24.904764285714286,3.151471428571429,2018-11-26
244,2018,49,16992,128084,10582265366.00,82619.728974,97.322582,108.16129000000001,94.83870999999999,95.89355,868.69355,838.758066,148.494,34.0,25.387096774193555,63.29032258064516,9.258064516129034,9.676888571428572,2.748687142857143,25.87164714285714,3.192058571428572,2018-12-03
245,2018,50,17311,117715,13386223305.00,113717.226394,97.77419400000001,108.387098,94.61290399999999,96.16452000000001,871.76452,836.319356,140.45999999999998,34.0,26.06451612903226,65.5483870967742,9.709677419354836,9.883218571428573,2.8465242857142856,25.919522857142855,3.123107142857143,2018-12-10
246,2018,51,17283,158767,11220125726.00,70670.389476,98.225806,108.612904,94.387098,96.435482,874.8354820000001,833.880646,137.04000000000002,34.0,26.741935483870975,67.80645161290322,10.161290322580637,9.779401428571429,2.8717600000000005,27.369845714285713,3.047134285714286,2018-12-17
247,2018,52,15106,144622,14850559629.00,102685.342679,98.67742,108.83870999999999,94.16129,96.70644999999999,877.9064500000001,831.4419359999999,136.5325,34.0,27.41935483870967,70.06451612903227,10.612903225806457,9.029781428571429,2.755714285714286,28.69605714285714,2.9815614285714283,2018-12-24
248,2018,53,4265,66390,4416754066.00,66527.399698,99.0,109.0,94.0,96.9,880.1,829.7,,34.0,27.854838709677402,71.51612903225805,10.9032258064516,8.241655000000002,2.763,28.64636,2.95424,2018-12-31
249,2019,1,14701,95175,8549321691.00,89827.388400,98.919355,109.0,94.080645,96.94839,880.35,828.28871,136.06333333333336,34.322580645161274,27.87096774193548,72.32258064516128,11.0,10.081956000000002,3.036568,31.90951,3.6194040000000003,2019-01-01
250,2019,2,18780,143090,11620132014.00,81208.554154,98.70967800000001,109.0,94.29032400000001,97.074192,881.0,824.6193559999999,138.82999999999998,35.29032258064516,27.48387096774193,73.29032258064515,11.0,10.448102857142857,3.17853,32.62056857142857,3.7444528571428566,2019-01-08
251,2019,3,20012,138167,13646479623.00,98768.009893,98.483872,109.0,94.51612999999999,97.20967799999998,881.7,820.667742,141.522,36.41935483870967,27.032258064516125,74.41935483870967,11.0,10.502481428571427,3.2360342857142856,35.85973,3.7803599999999995,2019-01-15
252,2019,4,18530,164597,15102145138.00,91752.250271,98.258066,109.0,94.741936,97.345162,882.4,816.71613,144.882,37.5483870967742,26.580645161290327,75.54838709677419,11.0,10.195454285714286,3.157454285714286,31.98153142857143,3.7158328571428574,2019-01-22
253,2019,5,13339,115865,13504686147.00,116555.354481,98.03871000000001,109.0,94.96128999999999,97.49177599999999,883.0135720000001,812.8009920000001,149.53,38.62886767610272,26.1433508887426,76.62376563528639,11.0,9.395617142857143,3.1462671428571425,31.291494285714286,3.933615714285714,2019-01-29
254,2019,5,4224,27889,3670024727.00,131593.987844,98.03871000000001,109.0,94.96128999999999,97.49177599999999,883.0135720000001,812.8009920000001,149.53,38.62886767610272,26.1433508887426,76.62376563528639,11.0,9.395617142857143,3.1462671428571425,31.291494285714286,3.933615714285714,2019-01-29
255,2019,6,10688,71875,5068212115.00,70514.255513,98.0,109.0,95.0,97.95,881.207144,809.907144,151.785,38.107142857142854,26.178571428571427,75.92857142857143,11.0,9.410967142857142,3.5167814285714285,36.75115571428572,4.07256,2019-02-05
256,2019,7,21606,175401,16820423887.00,95896.966875,98.0,109.0,95.0,98.47500000000001,878.8821439999999,807.232144,155.208,36.857142857142854,26.428571428571427,74.42857142857143,11.0,11.293734285714285,3.5969228571428573,37.321239999999996,4.042635714285714,2019-02-12
257,2019,8,19978,137421,12991934895.00,94541.117405,98.0,109.0,95.0,99.0,876.557144,804.5571440000001,155.586,35.607142857142854,26.678571428571427,72.92857142857143,11.0,13.115094285714287,3.623202857142857,35.47438285714286,4.177417142857143,2019-02-19
258,2019,9,16078,183315,17313938171.00,94449.107661,98.0,109.00689600000001,95.0,99.51138,874.2406420000001,801.890296,154.08249999999998,34.373436471362716,26.914252797893344,71.40849242922975,11.0,14.474351428571428,3.3473957142857143,33.28224428571429,3.6390728571428568,2019-02-26
259,2019,9,2810,5865,1123069002.00,191486.615856,98.0,109.00689600000001,95.0,99.51138,874.2406420000001,801.890296,154.08249999999998,34.373436471362716,26.914252797893344,71.40849242922975,11.0,14.474351428571428,3.3473957142857143,33.28224428571429,3.6390728571428568,2019-02-26
260,2019,10,19751,157004,13774174999.00,87731.363525,98.0,109.206896,95.0,99.64138,872.162068,799.451724,149.876,33.677419354838705,26.6774193548387,69.2258064516129,11.0,12.947528571428572,3.273241428571429,31.192102857142856,3.582612857142857,2019-03-05
261,2019,11,18529,128769,12462136698.00,96779.012790,98.0,109.44827599999999,95.0,99.68965599999999,870.134482,797.06207,149.322,33.225806451612904,26.2258064516129,66.74193548387098,11.0,11.588532857142857,3.357284285714286,28.695795714285712,3.585212857142857,2019-03-12
262,2019,12,17417,124070,11229725913.00,90511.210711,98.0,109.68965599999999,95.0,99.73793,868.106898,794.6724120000001,150.08800000000002,32.774193548387096,25.7741935483871,64.25806451612902,11.0,10.16371,3.130652857142857,26.809385714285714,3.6328314285714285,2019-03-19
263,2019,13,16725,181935,17796386602.00,97817.278709,98.0,109.931034,95.0,99.78620599999999,866.0793120000001,792.2827599999999,149.072,32.322580645161295,25.3225806451613,61.77419354838711,11.0,10.366919999999999,3.0195528571428576,24.517335714285714,3.1030728571428567,2019-03-26
264,2019,14,1270,19292,1524087580.00,79001.014928,98.15625,110.0,95.0,100.09687799999999,864.4531279999999,791.8968779999999,156.19400000000002,32.00921658986176,25.009216589861758,59.97926267281105,11.0,11.88906,2.621454285714286,25.08560142857143,3.127534285714286,2019-04-02
265,2019,14,18259,116100,10864021177.00,93574.687140,98.15625,110.0,95.0,100.09687799999999,864.4531279999999,791.8968779999999,156.19400000000002,32.00921658986176,25.009216589861758,59.97926267281105,11.0,11.88906,2.621454285714286,25.08560142857143,3.127534285714286,2019-04-02
266,2019,15,14972,91779,9064310285.00,98762.356149,98.375,110.0,95.0,100.512502,862.987502,792.312502,160.336,32.0,25.0,59.699999999999996,11.0,9.488764285714286,2.5608285714285715,22.108715714285715,3.1056757142857143,2019-04-09
267,2019,16,14662,130367,11941500270.00,91599.103070,98.59375,110.0,95.0,100.928128,861.5218779999999,792.728128,162.954,32.0,25.0,59.46666666666666,11.0,8.445644285714286,2.517115714285714,20.84052857142857,2.930824285714286,2019-04-16
268,2019,17,13760,155984,13983261319.00,89645.484915,98.8125,110.0,95.0,101.343752,860.056252,793.143752,160.17400000000004,32.0,25.0,59.233333333333334,11.0,7.767578571428571,2.5753985714285714,19.53331,2.8532857142857146,2019-04-23
269,2019,18,8502,67677,4947778304.00,73108.712029,98.91632999999999,109.96128999999999,94.96128999999999,101.54103,858.6522000000001,793.406836,161.4125,32.02764976958526,24.944700460829488,59.11152073732719,11.0,8.662387142857142,2.5324657142857143,20.818410000000004,2.797865714285714,2019-04-30
270,2019,18,7548,111859,13012379701.00,116328.410776,98.91632999999999,109.96128999999999,94.96128999999999,101.54103,858.6522000000001,793.406836,161.4125,32.02764976958526,24.944700460829488,59.11152073732719,11.0,8.662387142857142,2.5324657142857143,20.818410000000004,2.797865714285714,2019-04-30
271,2019,19,11940,95304,7586383748.00,79601.944808,98.48387199999999,109.74193600000001,94.741936,100.71935599999999,857.535484,792.958066,157.0375,32.225806451612904,24.548387096774185,59.67741935483871,11.0,9.1898,2.624055714285714,19.485172857142857,2.696128571428571,2019-05-07
272,2019,20,14226,124980,9577339676.00,76630.978364,98.032258,109.51613,94.51613,99.86128999999998,856.429032,792.483872,154.622,32.451612903225815,24.096774193548388,60.35483870967742,11.0,9.23975857142857,2.5889285714285712,19.692288571428573,2.708878571428572,2019-05-14
273,2019,21,15180,142593,12987165195.00,91078.560623,97.58064600000002,109.29032400000001,94.29032400000001,99.00323,855.322582,792.0096780000001,154.212,32.6774193548387,23.645161290322587,61.03225806451612,11.0,8.329598571428571,2.8355942857142855,19.918398571428572,2.733075714285714,2019-05-21
274,2019,22,15001,155389,17471615176.00,112437.915013,97.129034,109.064516,94.064516,98.14516,854.21613,791.5354840000001,155.82,32.90322580645161,23.193548387096786,61.709677419354826,11.0,8.636887142857143,3.015907142857143,20.502532857142857,2.681298571428571,2019-05-28
275,2019,22,1366,4935,661745898.00,134092.380547,97.129034,109.064516,94.064516,98.14516,854.21613,791.5354840000001,155.82,32.90322580645161,23.193548387096786,61.709677419354826,11.0,8.636887142857143,3.015907142857143,20.502532857142857,2.681298571428571,2019-05-28
276,2019,23,11063,84804,6112780347.00,72081.273843,97.0,108.82142800000001,94.0,97.84642799999999,856.667858,792.7214280000001,158.4825,32.73333333333333,23.53333333333333,62.0,10.86666666666667,8.406097142857144,2.8462614285714283,20.168705714285714,2.7229300000000003,2019-06-04
277,2019,24,14185,120450,11826540646.00,98186.306733,97.0,108.57142800000001,94.0,97.771428,860.542858,794.571428,162.984,32.266666666666666,24.46666666666667,62.0,10.63333333333333,8.578344285714286,2.9227571428571433,19.67875857142857,2.8270071428571426,2019-06-11
278,2019,25,13473,124451,8558605761.00,68770.887827,97.0,108.32142800000001,94.0,97.696428,864.417858,796.421428,162.64600000000002,31.8,25.400000000000002,62.0,10.4,8.105831428571427,2.646951428571428,19.56479428571428,2.725792857142857,2019-06-18
279,2019,26,15922,268608,21190388049.00,78889.638614,97.0,108.07142800000001,94.0,97.621428,868.292858,798.271428,161.65,31.333333333333325,26.333333333333325,62.0,10.166666666666671,7.764975714285716,2.4429614285714285,18.999131428571427,2.650074285714286,2019-06-25
280,2019,27,1045,18086,2403719798.00,132904.998230,96.84848600000001,107.84848600000001,93.69697,97.34242400000001,867.718184,798.345456,160.704,31.35514592933947,26.704454685099844,62.345622119815665,10.073886328725028,8.135230000000002,2.3750485714285716,18.932260000000003,2.5748785714285716,2019-07-02
281,2019,27,15819,147028,8980097294.00,61077.463435,96.84848600000001,107.84848600000001,93.69697,97.34242400000001,867.718184,798.345456,160.704,31.35514592933947,26.704454685099844,62.345622119815665,10.073886328725028,8.135230000000002,2.3750485714285716,18.932260000000003,2.5748785714285716,2019-07-02
282,2019,28,15567,170911,13098224368.00,76637.690774,96.636364,107.636364,93.272728,96.981818,865.363636,797.70909,155.686,32.4516129032258,25.838709677419356,63.4516129032258,10.290322580645157,7.690301428571429,2.60246,21.235502857142855,2.5980357142857144,2019-07-09
283,2019,29,15249,170380,11211419791.00,65802.440374,96.424244,107.424244,92.84848600000001,96.62121200000001,863.009092,797.07273,159.02,33.58064516129033,24.935483870967744,64.58064516129033,10.516129032258073,7.744682857142856,2.4159,21.663261428571428,2.5858085714285712,2019-07-16
284,2019,30,14459,178784,10652502164.00,59583.084414,96.212122,107.212122,92.424244,96.260608,860.654546,796.436364,155.87399999999997,34.70967741935484,24.032258064516128,65.70967741935485,10.741935483870973,8.51798,2.391702857142857,21.468117142857142,2.5907528571428573,2019-07-23
285,2019,31,3740,42820,3851184772.00,89938.925081,95.978182,106.97818200000002,92.036364,95.86091,858.2838180000001,795.902546,149.27,35.824884792626726,23.21198156682029,66.86635944700461,10.9815668202765,8.190915714285714,2.3060971428571433,20.59750285714286,2.660221428571429,2019-07-30
286,2019,31,9367,111524,12449669975.00,111632.204503,95.978182,106.97818200000002,92.036364,95.86091,858.2838180000001,795.902546,149.27,35.824884792626726,23.21198156682029,66.86635944700461,10.9815668202765,8.190915714285714,2.3060971428571433,20.59750285714286,2.660221428571429,2019-07-30
287,2019,32,15443,143285,12537093854.00,87497.601661,95.533334,106.533334,92.0,95.08333400000001,855.7566659999999,796.36,140.44,36.774193548387096,23.38709677419356,68.35483870967741,11.387096774193546,8.520842857142858,2.462214285714286,21.826924285714284,2.80359,2019-08-06
288,2019,33,11546,95289,7125598853.00,74778.818677,95.066666,106.06666599999998,92.0,94.26666599999999,853.213334,796.92,146.92249999999999,37.67741935483872,23.838709677419356,69.93548387096772,11.838709677419358,8.524484285714285,2.597517142857143,22.723554285714282,2.927184285714286,2019-08-13
289,2019,34,15101,126728,13408640668.00,105806.456884,94.6,105.6,92.0,93.45,850.6699999999998,797.4799999999999,149.106,38.58064516129033,24.290322580645153,71.51612903225809,12.290322580645157,9.076615714285715,2.6563200000000005,22.514357142857143,3.0645657142857137,2019-08-20
290,2019,35,16124,189846,17945028219.00,94524.131237,94.133334,105.13333400000002,92.0,92.63333399999999,848.1266659999999,798.04,145.57999999999998,39.48387096774193,24.741935483870957,73.0967741935484,12.741935483870972,10.588347142857144,2.5046271428571427,22.785481428571433,2.9154714285714287,2019-08-27
291,2019,36,17640,137091,11977499228.00,87368.968261,94.48387199999999,105.16129000000001,92.322582,93.141936,847.3516140000002,799.9580659999999,155.25,39.6,25.0,73.0,12.799999999999999,10.231098571428571,2.5694142857142857,24.443179999999995,3.220421428571428,2019-09-03
292,2019,37,5811,91254,5845088382.00,64052.955289,95.161292,105.387098,92.77419400000001,94.180646,847.283872,802.419356,155.03333333333333,38.66666666666667,25.0,70.66666666666667,12.333333333333329,8.351195714285714,2.462214285714286,22.75555857142857,2.982344285714286,2019-09-10
293,2019,38,18049,140012,12186908663.00,87041.886859,95.83871,105.612904,93.225806,95.21935599999999,847.216128,804.8806460000001,158.362,37.73333333333333,25.0,68.33333333333333,11.866666666666672,10.174898571428571,2.713562857142857,22.503688571428572,2.962828571428571,2019-09-17
294,2019,39,16222,222032,17953854448.00,80861.562513,96.51612999999999,105.83870999999999,93.67742,96.258066,847.148388,807.341936,159.784,36.8,25.0,66.0,11.4,9.115127142857142,2.214511428571429,20.996645714285712,2.8465214285714286,2019-09-24
295,2019,40,12355,99898,8734468655.00,87433.869096,97.0,106.129034,94.064516,97.10322599999999,847.893548,808.5129039999999,159.50750000000002,36.14930875576037,25.046082949308754,64.41935483870968,11.074654377880185,8.426911428571428,2.0282114285714283,20.774435714285712,2.8501642857142855,2019-10-01
296,2019,40,4855,101059,8519708304.00,84304.300497,97.0,106.129034,94.064516,97.10322599999999,847.893548,808.5129039999999,159.50750000000002,36.14930875576037,25.046082949308754,64.41935483870968,11.074654377880185,8.426911428571428,2.0282114285714283,20.774435714285712,2.8501642857142855,2019-10-01
297,2019,41,12569,111394,10378604362.00,93170.227857,97.0,106.580646,94.29032400000001,97.46451599999999,850.670968,806.4580659999999,160.6225,36.51612903225807,25.25806451612903,65.54838709677418,11.258064516129027,8.308522857142856,2.130725714285714,19.246835714285712,2.620412857142857,2019-10-08
298,2019,42,16006,143351,10871023666.00,75835.004052,97.0,107.032258,94.51612999999999,97.82580600000001,853.448388,804.403226,163.202,36.96774193548388,25.483870967741947,66.90322580645162,11.48387096774193,9.063347142857143,2.296731428571429,20.410687142857142,2.851985714285714,2019-10-15
299,2019,43,14449,176687,11546153155.00,65348.062704,97.0,107.48387199999999,94.741936,98.18709600000001,856.2258079999999,802.3483880000001,165.334,37.41935483870967,25.70967741935483,68.25806451612904,11.709677419354845,8.954324285714286,2.280078571428571,20.715111428571426,2.9409742857142858,2019-10-22
300,2019,44,5130,49670,4239404701.00,85351.413348,97.01379399999999,107.929476,94.96128999999999,98.55461600000001,858.8990440000001,800.4060539999999,165.622,37.86175115207373,25.930875576036872,69.58525345622118,11.926113671274972,8.163075714285714,2.2673285714285716,21.59144714285714,2.8610914285714286,2019-10-29
301,2019,44,12026,172761,19422751926.00,112425.558580,97.01379399999999,107.929476,94.96128999999999,98.55461600000001,858.8990440000001,800.4060539999999,165.622,37.86175115207373,25.930875576036872,69.58525345622118,11.926113671274972,8.163075714285714,2.2673285714285716,21.59144714285714,2.8610914285714286,2019-10-29
302,2019,45,19425,153664,14252174344.00,92748.947990,97.413792,108.206896,95.0,99.09655,858.655172,801.6137919999999,166.07199999999997,38.0,26.0,70.0,11.833333333333329,7.563848571428572,2.3649014285714287,22.36682714285714,3.076274285714286,2019-11-05
303,2019,46,18796,172271,13356031806.00,77529.194153,97.896552,108.44827599999999,95.0,99.67586200000001,857.7862079999999,803.496552,165.20600000000002,38.0,26.0,70.0,11.6,7.46055,2.1962957142857142,22.761281428571433,3.0799171428571426,2019-11-12
304,2019,47,18653,187886,17065640130.00,90829.759162,98.37931200000001,108.68965599999999,95.0,100.255172,856.9172419999999,805.379312,163.43400000000003,38.0,26.0,70.0,11.36666666666667,7.956739999999999,2.2845028571428574,23.06571,2.9264042857142853,2019-11-19
305,2019,48,18068,178337,18800925026.00,105423.580221,98.86206800000001,108.931034,95.0,100.83448200000001,856.0482760000001,807.262068,162.774,38.0,26.0,70.0,11.13333333333333,7.9426885714285715,2.3323785714285714,24.27093,3.1655200000000003,2019-11-26
306,2019,49,19608,168314,13680190709.00,81277.794532,98.84375,109.0,95.0,100.92187799999999,855.39375,806.6125,162.04000000000002,38.19354838709678,26.38709677419356,71.06451612903227,11.193548387096769,8.670712857142858,2.2405299999999997,25.590112857142856,3.2513842857142854,2019-12-03
307,2019,50,18883,208097,15020122548.00,72178.467483,98.625,109.0,95.0,100.812502,854.825,804.95,166.902,38.645161290322584,27.290322580645157,73.54838709677418,11.645161290322587,8.78546,2.306618571428572,27.69977285714285,3.304724285714286,2019-12-10
308,2019,51,18653,209455,14974456685.00,71492.476594,98.40625,109.0,95.0,100.70312799999999,854.25625,803.2875,169.31400000000002,39.09677419354839,28.193548387096772,76.03225806451614,12.096774193548384,8.447985714285716,2.3224914285714284,28.494408571428576,3.336208571428571,2019-12-17
309,2019,52,16080,221970,21204099134.00,95526.869099,98.1875,109.0,95.0,100.593752,853.6875,801.6250000000001,168.775,39.548387096774185,29.096774193548388,78.51612903225805,12.548387096774201,9.135681428571429,2.2912671428571434,30.418284285714286,3.2943157142857147,2019-12-24
310,2019,53,8028,83496,10730814306.00,128518.902773,98.015625,109.0,95.0,100.507815,853.240625,800.31875,173.61,39.870967741935466,29.741935483870964,80.29032258064517,12.870967741935466,9.807416666666667,2.38962,31.029913333333337,3.3324766666666665,2019-12-31
311,2020,1,10462,109718,7997009625.00,72886.943117,98.19354666666668,109.06451666666668,95.0,100.73871333333334,852.9096800000001,798.9354833333333,176.57999999999998,40.1451612903226,30.0483870967742,81.24193548387095,13.0,10.54704,2.3850675,35.7965675,3.6887049999999997,2020-01-01
312,2020,2,20925,221003,19898694032.00,90038.117274,98.774194,109.25806599999999,95.0,101.45483800000001,852.03871,795.141936,175.06400000000002,40.67741935483871,30.2258064516129,82.12903225806451,13.0,11.132412857142857,2.6544999999999996,33.03870142857143,3.8324,2020-01-08
313,2020,3,19949,244037,17593240612.00,72092.513069,99.45161399999999,109.48387199999999,95.0,102.29032199999999,851.0225800000001,790.71613,180.80599999999998,41.354838709677416,30.451612903225815,83.25806451612902,13.0,10.679415714285714,2.7164228571428573,32.422041428571426,3.7153114285714284,2020-01-15
314,2020,4,10993,173514,11214543980.00,64631.925838,100.12903200000001,109.70967800000001,95.0,103.125808,850.0064500000001,786.290324,182.7425,42.032258064516135,30.6774193548387,84.38709677419355,13.0,10.101522857142857,2.6201528571428567,31.929752857142862,3.8748099999999996,2020-01-22
315,2020,5,17689,185507,20325621542.00,109567.949144,100.80645200000001,109.935484,95.0,103.961292,848.990322,781.8645159999999,174.79999999999998,42.709677419354826,30.903225806451616,85.51612903225808,13.0,11.968157142857141,3.093185714285714,34.804901428571426,4.405347142857143,2020-01-29
316,2020,5,2660,23399,2484154697.00,106164.994102,100.80645200000001,109.935484,95.0,103.961292,848.990322,781.8645159999999,174.79999999999998,42.709677419354826,30.903225806451616,85.51612903225808,13.0,11.968157142857141,3.093185714285714,34.804901428571426,4.405347142857143,2020-01-29
317,2020,6,22254,310949,22738137560.00,73124.974063,100.285714,109.28571400000001,94.642858,102.89642800000001,848.735714,781.689286,175.82,43.41379310344826,31.27586206896553,87.93103448275862,13.137931034482772,12.259054285714285,2.915472857142858,34.636295714285716,4.297105714285714,2020-02-05
318,2020,7,20985,207530,15967299384.00,76939.716590,99.285714,108.28571400000001,94.142858,101.071428,848.785714,783.214286,183.03799999999998,44.137931034482776,31.758620689655174,91.3103448275862,13.379310344827585,12.167987142857143,2.97688,35.10776714285714,4.6041357142857136,2020-02-12
319,2020,8,18966,207652,17807772199.00,85757.768762,98.285714,107.28571400000001,93.642858,99.246428,848.835714,784.739286,186.522,44.862068965517224,32.241379310344826,94.6896551724138,13.620689655172416,11.67543857142857,2.7898000000000005,33.12976857142857,4.261721428571429,2020-02-19
320,2020,9,18680,259642,18458251464.00,71091.161922,97.285714,106.28571400000001,93.142858,97.42142799999999,848.885714,786.264286,172.35999999999999,45.58620689655174,32.72413793103448,98.06896551724138,13.86206896551723,12.343617142857141,3.155372857142857,37.36989714285714,4.44958,2020-02-26
321,2020,10,24178,219627,18522586271.00,84336.562767,95.4375,103.96875,91.75,94.009378,848.478128,784.3406280000002,168.882,46.0967741935484,33.096774193548384,100.0,14.290322580645157,14.33020142857143,3.561537142857143,43.62809285714286,5.0818514285714285,2020-03-04
322,2020,11,20373,185443,14952358356.00,80630.481366,93.25,101.125,90.0,89.962502,847.8875020000002,781.037502,152.51000000000002,46.3225806451613,33.3225806451613,100.0,14.967741935483872,14.361425714285716,3.6029071428571426,41.72893428571429,4.914807142857143,2020-03-11
323,2020,12,18981,222338,17258660213.00,77623.529099,91.0625,98.28125,88.25,85.915628,847.2968779999999,777.734378,121.56000000000002,46.54838709677419,33.548387096774185,100.0,15.645161290322587,14.339569999999998,4.030405714285714,43.39131714285714,5.169798571428571,2020-03-18
324,2020,13,16961,183861,17937121279.00,97558.053524,88.875,95.4375,86.5,81.868752,846.706252,774.4312520000001,124.654,46.774193548387096,33.774193548387096,100.0,16.322580645161285,14.114501428571428,3.669517142857143,43.666602857142855,5.556967142857142,2020-03-25
325,2020,14,16829,149308,13113413819.00,87827.938348,86.9025,92.84124999999999,84.89000000000001,78.211626,846.4448759999999,772.1463759999999,134.728,46.97235023041474,33.943778801843315,99.60000000000001,16.802764976958514,16.13361,3.682007142857143,63.73748,7.750408571428571,2020-04-01
326,2020,14,9193,62993,7490044603.00,118902.808296,86.9025,92.84124999999999,84.89000000000001,78.211626,846.4448759999999,772.1463759999999,134.728,46.97235023041474,33.943778801843315,99.60000000000001,16.802764976958514,16.13361,3.682007142857143,63.73748,7.750408571428571,2020-04-01
327,2020,15,22589,196474,14642209319.00,74524.920951,85.933334,91.39999999999999,83.933334,76.373334,847.72,774.6133339999999,148.57399999999998,47.0,33.766666666666666,96.73333333333332,16.06666666666667,15.43654857142857,3.6533857142857142,55.50024428571429,6.721857142857144,2020-04-08
328,2020,16,18004,150748,12822396058.00,85058.482089,85.0,90.0,83.0,74.6,849.05,777.25,150.85,47.0,33.533333333333324,93.46666666666668,15.13333333333333,15.107402857142857,3.403338571428571,45.37582142857143,5.715947142857142,2020-04-15
329,2020,17,20825,160923,12898897251.00,80155.709569,84.06666600000001,88.6,82.06666600000001,72.826666,850.3800000000001,779.8866659999999,156.272,47.0,33.300000000000004,90.19999999999997,14.2,14.714771428571428,3.2071514285714287,37.58377714285714,5.276737142857143,2020-04-22
330,2020,18,3080,6582,1028810027.00,156306.597842,83.187586,87.267586,81.173794,71.15089600000002,851.7520000000001,782.432138,157.71333333333334,46.99078341013824,33.0668202764977,86.96774193548387,13.281105990783415,10.829287142857142,2.8093142857142857,28.82927571428571,4.164927142857143,2020-04-29
331,2020,18,11260,151487,20571902528.00,135799.788285,83.187586,87.267586,81.173794,71.15089600000002,851.7520000000001,782.432138,157.71333333333334,46.99078341013824,33.0668202764977,86.96774193548387,13.281105990783415,10.829287142857142,2.8093142857142857,28.82927571428571,4.164927142857143,2020-04-29
332,2020,19,15603,146523,13980790821.00,95417.039106,83.827588,87.827588,81.413792,72.206896,854.3,782.42414,160.9025,46.6774193548387,32.83870967741936,84.8709677419355,12.838709677419358,11.12825,2.665685714285714,27.486674285714287,4.164928571428571,2020-05-06
333,2020,20,18268,180422,15040818471.00,83364.658805,84.793102,88.793102,81.896552,73.84827600000001,857.1,781.8689699999999,164.518,46.225806451612904,32.61290322580645,83.2903225806452,12.612903225806459,11.764164285714285,2.7538928571428576,29.403265714285716,3.9107171428571434,2020-05-13
334,2020,21,18249,185904,13903972340.00,74791.141341,85.75862,89.75862,82.379312,75.48965600000001,859.9,781.31379,168.56,45.774193548387096,32.38709677419356,81.7096774193548,12.387096774193543,12.586901428571428,2.8688985714285713,32.079882857142856,3.770474285714286,2020-05-20
335,2020,22,16885,267380,24454372202.00,91459.242284,86.72414,90.72414,82.86206800000001,77.131034,862.7,780.75862,170.62999999999997,45.3225806451613,32.16129032258065,80.1290322580645,12.161290322580642,12.02462,2.473144285714286,29.076201428571434,3.5053328571428573,2020-05-27
336,2020,23,17950,130475,13667198021.00,104749.553715,87.15625,91.3125,83.15625,78.25625,862.84375,779.9125,177.17000000000002,44.79493087557604,31.790322580645157,78.88940092165899,11.9331797235023,13.90816857142857,2.4616928571428573,27.536891428571433,3.257888571428571,2020-06-03
337,2020,23,1274,8795,911409899.00,103628.186355,87.15625,91.3125,83.15625,78.25625,862.84375,779.9125,177.17000000000002,44.79493087557604,31.790322580645157,78.88940092165899,11.9331797235023,13.90816857142857,2.4616928571428573,27.536891428571433,3.257888571428571,2020-06-03
338,2020,24,16198,184432,10938107065.00,59306.991547,87.375,91.75,83.375,79.175,861.925,778.95,180.206,44.1,31.1,78.4,11.7,13.881365714285716,2.542614285714286,26.068092857142858,3.1616185714285714,2020-06-10
339,2020,25,16811,149147,12162898873.00,81549.738667,87.59375,92.1875,83.59375,80.09374999999999,861.00625,777.9875,173.49,43.4,30.4,77.93333333333332,11.466666666666672,13.18769,2.5054057142857147,25.94268,3.238375714285714,2020-06-17
340,2020,26,16190,171604,17879990335.00,104193.319124,87.8125,92.625,83.8125,81.0125,860.0875,777.025,177.15800000000002,42.699999999999996,29.7,77.46666666666668,11.233333333333329,12.490628571428571,2.40315,26.663418571428572,3.2440971428571426,2020-06-24
341,2020,27,8598,149659,24689256275.00,164970.073801,88.07117000000001,93.06492,84.07117000000001,81.86665400000001,859.012702,775.863628,176.428,42.1963133640553,29.168663594470054,77.33364055299542,11.166820276497686,12.201550000000001,2.343568571428572,26.133661428571425,3.2107928571428572,2020-07-01
342,2020,27,11156,98475,7803114204.00,79239.545102,88.07117000000001,93.06492,84.07117000000001,81.86665400000001,859.012702,775.863628,176.428,42.1963133640553,29.168663594470054,77.33364055299542,11.166820276497686,12.201550000000001,2.343568571428572,26.133661428571425,3.2107928571428572,2020-07-01
343,2020,28,16833,155940,12705396946.00,81476.189213,88.51613,93.51613,84.51613,82.41935600000001,857.2096799999999,773.7741939999999,181.33,42.90322580645161,29.67741935483871,79.25806451612901,12.12903225806453,11.909092857142856,2.3352385714285715,25.956989999999998,3.306805714285715,2020-07-08
344,2020,29,18229,166614,14769114025.00,88642.695241,88.967742,93.967742,84.967742,82.96128999999999,855.3806500000001,771.6516140000001,187.788,43.806451612903224,30.354838709677413,81.51612903225808,13.258064516129028,11.917419999999998,2.353974285714286,25.266694285714287,3.4486128571428574,2020-07-15
345,2020,30,16804,138802,13112749883.00,94470.900152,89.41935599999998,94.41935599999998,85.41935599999998,83.50323,853.5516100000001,769.529032,193.32800000000003,44.70967741935484,31.03225806451613,83.7741935483871,14.387096774193543,13.781712857142859,2.492397142857143,24.926098571428575,3.4017785714285713,2020-07-22
346,2020,31,1924,4823,1162642753.00,241062.150736,89.87096799999999,94.87096799999999,85.87096799999999,84.04516,851.72258,767.406452,196.21999999999997,45.61290322580645,31.709677419354826,86.03225806451613,15.516129032258073,11.578907142857144,2.7416642857142857,25.271635714285715,3.3869471428571436,2020-07-29
347,2020,31,15864,221006,24883223007.00,112590.712501,89.87096799999999,94.87096799999999,85.87096799999999,84.04516,851.72258,767.406452,196.21999999999997,45.61290322580645,31.709677419354826,86.03225806451613,15.516129032258073,11.578907142857144,2.7416642857142857,25.271635714285715,3.3869471428571436,2020-07-29
348,2020,32,14188,136010,9005228825.00,66210.049444,90.322582,95.645162,86.322582,84.84516199999999,849.796774,767.364516,201.044,46.0,32.0,87.51612903225806,15.870967741935488,12.206495714285714,2.501764285714286,25.27163857142857,3.27168,2020-08-05
349,2020,33,14345,154199,12537445981.00,81306.921452,90.77419400000001,96.54838799999999,86.77419400000001,85.748388,847.832258,768.1548399999999,204.18800000000002,46.0,32.0,88.41935483870967,15.645161290322587,12.171111428571427,2.5080099999999996,25.796190000000003,3.323978571428572,2020-08-12
350,2020,34,15661,146666,11163470928.00,76114.920486,91.225806,97.45161399999999,87.225806,86.651614,845.867742,768.9451640000001,187.8375,46.0,32.0,89.32258064516127,15.419354838709669,12.364172857142858,2.8176414285714286,29.077501428571427,3.5545114285714283,2020-08-19
351,2020,35,18990,223103,23193961625.00,103960.778765,91.67742,98.354838,87.67742,87.554838,843.9032279999999,769.735484,192.72199999999998,46.0,32.0,90.2258064516129,15.19354838709677,14.976525714285714,3.341932857142857,39.38926714285714,4.625731428571427,2020-08-26
352,2020,36,16307,141924,16834815572.00,118618.525210,91.73333400000001,98.533334,87.66666599999999,87.61333400000001,842.5,770.3,199.87,45.857142857142854,31.809523809523814,90.51612903225806,14.918586789554528,15.78573,3.87585,43.44231428571428,5.109692857142858,2020-09-02
353,2020,36,5376,90447,10751574418.00,118871.542649,91.73333400000001,98.533334,87.66666599999999,87.61333400000001,842.5,770.3,199.87,45.857142857142854,31.809523809523814,90.51612903225806,14.918586789554528,15.78573,3.87585,43.44231428571428,5.109692857142858,2020-09-02
354,2020,37,21642,209582,14506114863.00,69214.507271,90.8,96.9,86.5,85.56000000000002,,,208.59800000000004,45.199999999999996,30.93333333333333,88.60000000000001,14.46666666666667,15.331951428571427,3.610451428571429,38.28708285714286,5.081072857142857,2020-09-09
355,2020,38,17921,208728,14266648260.00,68350.428596,89.86666600000001,95.266666,85.33333400000001,83.506666,,,209.984,44.5,29.999999999999996,86.5,14.0,13.238165714285714,3.2115771428571427,32.318485714285714,5.163031428571429,2020-09-16
356,2020,39,16771,199359,15012021363.00,75301.447955,88.933334,93.633334,84.16666599999999,81.453334,,,195.45,43.800000000000004,29.06666666666667,84.39999999999999,13.53333333333333,12.008747142857143,2.7687228571428575,27.33888285714286,4.043417142857143,2020-09-23
357,2020,40,5,13,13303000.00,1023307.692307,88.13333333333333,92.23333333333333,83.16666666666667,79.69333333333334,,,199.08999999999997,43.199999999999996,28.26666666666666,82.6,13.133333333333336,9.693797142857145,2.30844,25.035641428571427,3.3715942857142855,2020-09-30
